{
"type": "FeatureCollection",
"name": "Completed_Pipeline",
"crs": { "type": "name", "properties": { "name": "urn:ogc:def:crs:EPSG::32646" } },
"features": [
{ "type": "Feature", "properties": { "id": null, "Name": "Bhogdoi path branch road,110 mm hdpe pipe laid = 124 m", "descriptio": null, "timestamp": null, "begin": "2026-01-20T12:10:59", "end": null, "layer": "Completed Pipeline", "path": "D:\\Jorhat TWSS\\Completed Pipeline.geojson", "description": null, "altitudeMode": null }, "geometry": { "type": "MultiLineString", "coordinates": [ [ [ 620329.79713703750167, 2961456.768556853756309, 90.853443659879488 ], [ 620320.753639702801593, 2961453.620672825258225, 90.586674726961292 ], [ 620309.335890855407342, 2961454.10085852490738, 90.036467078141868 ], [ 620305.067573529318906, 2961452.713655393570662, 89.811588000506163 ], [ 620257.795959142153151, 2961432.492502061184496, 90.217323218472302 ], [ 620209.312059925636277, 2961414.547556292265654, 91.596466458687161 ] ] ] } },
{ "type": "Feature", "properties": { "id": null, "Name": "Digambar chuck branch road,110 mm hdpe pipe laid = 36 m manually.", "descriptio": null, "timestamp": null, "begin": "2026-01-23T17:34:30", "end": null, "layer": "Completed Pipeline", "path": "D:\\Jorhat TWSS\\Completed Pipeline.geojson", "description": null, "altitudeMode": null }, "geometry": { "type": "MultiLineString", "coordinates": [ [ [ 620511.974255911656655, 2961817.241293533239514, 91.572123130562417 ], [ 620519.868803503224626, 2961820.293399746529758, 91.513991542160511 ], [ 620535.850155955180526, 2961826.418175785336643, 91.092168972827494 ], [ 620547.438051114790142, 2961832.239871396217495, 35.463015538397535 ] ] ] } },
{ "type": "Feature", "properties": { "id": null, "Name": "Digambar chuck branch road,110 mm hdpe pipe laid = 48 m manually.", "descriptio": null, "timestamp": null, "begin": "2026-01-22T16:37:20", "end": null, "layer": "Completed Pipeline", "path": "D:\\Jorhat TWSS\\Completed Pipeline.geojson", "description": null, "altitudeMode": null }, "geometry": { "type": "MultiLineString", "coordinates": [ [ [ 620600.941995179979131, 2961583.444211995229125, 91.060506528243423 ], [ 620608.251488601090387, 2961584.938123059459031, 90.742821717821556 ], [ 620615.881105821463279, 2961585.471662725321949, 89.899103820323944 ], [ 620631.994003727682866, 2961586.218618257436901, 90.487996227107942 ], [ 620650.657356625655666, 2961590.445991942193359, 31.200896438572414 ] ] ] } },
{ "type": "Feature", "properties": { "id": null, "Name": "Digambar chuck path branch road,110 mm hdpe pipe laid = 36 m.", "descriptio": null, "timestamp": null, "begin": "2026-01-19T17:37:59", "end": null, "layer": "Completed Pipeline", "path": "D:\\Jorhat TWSS\\Completed Pipeline.geojson", "description": null, "altitudeMode": null }, "geometry": { "type": "MultiLineString", "coordinates": [ [ [ 620604.103635092033073, 2961600.306219671387225, 91.427457350306213 ], [ 620613.26676145917736, 2961600.09064956754446, 90.36945219989866 ], [ 620628.324367027031258, 2961602.048922701738775, 90.182704431004822 ], [ 620645.169394054333679, 2961606.160936331376433, 31.315122719584899 ] ] ] } },
{ "type": "Feature", "properties": { "id": null, "Name": "Gajpuria path branch road,110 mm hdpe pipe laid = 42 m manually.", "descriptio": null, "timestamp": null, "begin": "2026-01-28T10:43:28", "end": null, "layer": "Completed Pipeline", "path": "D:\\Jorhat TWSS\\Completed Pipeline.geojson", "description": null, "altitudeMode": null }, "geometry": { "type": "MultiLineString", "coordinates": [ [ [ 620225.808998387190513, 2961128.123072251211852, 90.889574596998045 ], [ 620214.472538279485889, 2961124.866869263816625, 93.192841081880033 ], [ 620194.433609873987734, 2961116.192305404227227, 92.636452780105174 ], [ 620180.495099318446591, 2961111.548585089854896, 92.362000280059874 ] ] ] } },
{ "type": "Feature", "properties": { "id": null, "Name": "Jai shreeram path,110 mm hdpe pipe laid = 51 m manually", "descriptio": null, "timestamp": null, "begin": "2026-01-21T12:43:01", "end": null, "layer": "Completed Pipeline", "path": "D:\\Jorhat TWSS\\Completed Pipeline.geojson", "description": null, "altitudeMode": null }, "geometry": { "type": "MultiLineString", "coordinates": [ [ [ 620437.436428236891516, 2961505.438527789432555, 90.51205475618562 ], [ 620432.983708397019655, 2961543.748860861640424, 91.516109532676637 ] ] ] } },
{ "type": "Feature", "properties": { "id": null, "Name": "Jai shreeram path,110 mm hdpe pipe laid = 67 m by trencher machine and manually.", "descriptio": null, "timestamp": null, "begin": "2026-01-20T17:26:19", "end": null, "layer": "Completed Pipeline", "path": "D:\\Jorhat TWSS\\Completed Pipeline.geojson", "description": null, "altitudeMode": null }, "geometry": { "type": "MultiLineString", "coordinates": [ [ [ 620434.025136761018075, 2961534.788614331744611, 91.281275282869217 ], [ 620423.32173720758874, 2961533.250115277711302, 90.401815379969776 ], [ 620405.506415610085241, 2961529.329951393883675, 90.668060571886599 ], [ 620363.890321680111811, 2961520.686608808115125, 92.025483059696853 ] ] ] } },
{ "type": "Feature", "properties": { "id": null, "Name": "Milan nagar path,250 mm DI pipe kmz file from  Gajouria chariali to triveni path.", "descriptio": null, "timestamp": null, "begin": "2026-01-28T15:01:25", "end": null, "layer": "Completed Pipeline", "path": "D:\\Jorhat TWSS\\Completed Pipeline.geojson", "description": null, "altitudeMode": null }, "geometry": { "type": "MultiLineString", "coordinates": [ [ [ 620031.358020263141952, 2961736.70748564042151, 92.394053347115971 ], [ 620034.216162202646956, 2961730.79452918889001, 91.926778345368803 ], [ 620054.917501233983785, 2961739.011040042620152, 91.88101295940578 ], [ 620060.451403385261074, 2961741.209365900140256, 93.218721173703671 ], [ 620112.381881708977744, 2961757.37910765921697, 93.567467703483999 ], [ 620136.389910774887539, 2961766.91184739721939, 91.983930192887783 ], [ 620279.164222756400704, 2961840.116806704550982, 93.483286377973855 ], [ 620318.031656161881983, 2961860.715360222849995, 92.25926807988435 ] ] ] } },
{ "type": "Feature", "properties": { "id": null, "Name": "Ramdhenu path branch road ,110 mm hdpe pipe laid = 35 m manually.", "descriptio": null, "timestamp": null, "begin": "2026-01-21T17:52:42", "end": null, "layer": "Completed Pipeline", "path": "D:\\Jorhat TWSS\\Completed Pipeline.geojson", "description": null, "altitudeMode": null }, "geometry": { "type": "MultiLineString", "coordinates": [ [ [ 620308.069920673151501, 2961393.517218556720763, 90.008815753273666 ], [ 620317.470285596442409, 2961395.693192481063306, 89.304706258699298 ], [ 620329.156889438279904, 2961397.825762274675071, 88.733046495355666 ], [ 620338.227063756319694, 2961375.096972513012588, 93.45868109818548 ] ] ] } },
{ "type": "Feature", "properties": { "id": null, "Name": "Ramdhenu path branch road,110 mm hdpe pipe laid = 32 m manually.", "descriptio": null, "timestamp": null, "begin": "2026-01-25T17:03:40", "end": null, "layer": "Completed Pipeline", "path": "D:\\Jorhat TWSS\\Completed Pipeline.geojson", "description": null, "altitudeMode": null }, "geometry": { "type": "MultiLineString", "coordinates": [ [ [ 620440.9334494167706, 2961284.395229332149029, 91.575403336435556 ], [ 620477.957865519216284, 2961296.14219945250079, 0.0 ] ] ] } },
{ "type": "Feature", "properties": { "id": null, "Name": "Ramdhenu path,110 mm hdpe pipe laid = 36 m manually .", "descriptio": null, "timestamp": null, "begin": "2026-01-24T15:59:53", "end": null, "layer": "Completed Pipeline", "path": "D:\\Jorhat TWSS\\Completed Pipeline.geojson", "description": null, "altitudeMode": null }, "geometry": { "type": "MultiLineString", "coordinates": [ [ [ 620522.586333241895773, 2961282.59485947387293, 90.308128904551268 ], [ 620509.119818701758049, 2961278.633000942412764, 90.141283055767417 ], [ 620488.901929294108413, 2961269.801004205364734, 93.206433439756523 ] ] ] } },
{ "type": "Feature", "properties": { "id": null, "Name": "Triveni path branch road ,110 mm hdpe pipe laid = 68 m", "descriptio": null, "timestamp": null, "begin": "2026-01-19T17:19:38", "end": null, "layer": "Completed Pipeline", "path": "D:\\Jorhat TWSS\\Completed Pipeline.geojson", "description": null, "altitudeMode": null }, "geometry": { "type": "MultiLineString", "coordinates": [ [ [ 620368.860801178147085, 2961554.827941657975316, 89.825452514924109 ], [ 620303.514531231601723, 2961535.280425360891968, 89.603391802869737 ] ] ] } },
{ "type": "Feature", "properties": { "id": null, "Name": "Triveni path branch road ,110 mm hdpe pipe laid = 97 m", "descriptio": null, "timestamp": null, "begin": "2026-01-19T17:26:49", "end": null, "layer": "Completed Pipeline", "path": "D:\\Jorhat TWSS\\Completed Pipeline.geojson", "description": null, "altitudeMode": null }, "geometry": { "type": "MultiLineString", "coordinates": [ [ [ 620295.167304167291149, 2961532.017315277364105, 89.93192502297461 ], [ 620303.868426325614564, 2961533.09533718181774, 89.528551689349115 ], [ 620340.307868453208357, 2961543.842230303678662, 89.799249292351305 ], [ 620370.756581614608876, 2961552.543497426901013, 89.627605832181871 ], [ 620392.594755698461086, 2961557.500845746137202, 89.550586424767971 ] ] ] } },
{ "type": "Feature", "properties": { "id": "1", "Name": "Nakari Road Digambar Chuk 16 Dec DMA-1", "descriptio": null, "timestamp": null, "begin": null, "end": null, "layer": "Completed Pipeline", "path": "D:\\Jorhat TWSS\\Completed Pipeline.geojson", "description": null, "altitudeMode": null }, "geometry": { "type": "MultiLineString", "coordinates": [ [ [ 620776.449900235398673, 2961229.141805849969387, 44.22 ], [ 620779.584166968124919, 2961216.149764717556536, 41.3 ], [ 620782.617328322026879, 2961204.724856951273978, 41.74 ], [ 620835.394335877965204, 2960991.999140670057386, 36.78 ], [ 620843.179450019844808, 2960958.634365777950734, 36.47 ] ] ] } },
{ "type": "Feature", "properties": { "id": "2", "Name": "60 m 110 mm hdpe laying done .", "descriptio": null, "timestamp": null, "begin": null, "end": null, "layer": "Completed Pipeline", "path": "D:\\Jorhat TWSS\\Completed Pipeline.geojson", "description": null, "altitudeMode": null }, "geometry": { "type": "MultiLineString", "coordinates": [ [ [ 620311.013692701002583, 2961510.594718619715422, 91.51829544827342 ], [ 620330.504077092278749, 2961463.357771718874574, 92.246218403801322 ], [ 620331.104309216258116, 2961460.943504731636494, 92.246218403801322 ] ] ] } },
{ "type": "Feature", "properties": { "id": "3", "Name": "5 Dec 2025 at 5:13:32?PM", "descriptio": null, "timestamp": null, "begin": null, "end": null, "layer": "Completed Pipeline", "path": "D:\\Jorhat TWSS\\Completed Pipeline.geojson", "description": null, "altitudeMode": null }, "geometry": { "type": "MultiLineString", "coordinates": [ [ [ 620153.483, 2961453.805000000633299, 89.89 ], [ 620133.932000000029802, 2961440.933000000193715, 91.99 ], [ 620121.578105394728482, 2961434.533600103575736, 91.6 ], [ 620111.841528551653028, 2961429.823795338626951, 92.54 ], [ 620104.006915959413163, 2961425.593794416636229, 93.11 ], [ 620095.400999999954365, 2961421.273, 93.34 ], [ 620085.938391860807315, 2961416.649291631765664, 92.9 ], [ 620074.646452389308251, 2961412.345547856763005, 92.22 ], [ 620066.771244344417937, 2961409.340534260496497, 92.58 ], [ 620062.626398005057126, 2961408.097080358769745, 94.287281137275315 ] ] ] } },
{ "type": "Feature", "properties": { "id": "4", "Name": "08-12-2025 18:03:57", "descriptio": null, "timestamp": null, "begin": null, "end": null, "layer": "Completed Pipeline", "path": "D:\\Jorhat TWSS\\Completed Pipeline.geojson", "description": null, "altitudeMode": null }, "geometry": { "type": "MultiLineString", "coordinates": [ [ [ 620186.414982068235986, 2961466.396991346497089, 89.979567010657064 ], [ 620201.615905128070153, 2961431.674868142232299, 90.508299821056426 ], [ 620203.515412947395816, 2961427.50379088614136, 90.789243425242603 ], [ 620208.587213033926673, 2961416.224485720973462, 91.87728716339916 ], [ 620209.710237746592611, 2961413.626374021172523, 91.442204120568931 ], [ 620210.495797315146774, 2961411.648392966017127, 91.392720705829561 ], [ 620212.045098627568223, 2961407.80765663459897, 91.286041682586074 ], [ 620219.2244616325479, 2961389.406617238651961, 91.369892728514969 ], [ 620220.265922047896311, 2961386.669211290311068, 91.291951811872423 ], [ 620220.860603559296578, 2961385.151148405857384, 91.047817449085414 ], [ 620222.187999999965541, 2961381.787, 91.057245687581599 ] ] ] } },
{ "type": "Feature", "properties": { "id": "5", "Name": "Gojpuria bylane 4 Road", "descriptio": null, "timestamp": null, "begin": null, "end": null, "layer": "Completed Pipeline", "path": "D:\\Jorhat TWSS\\Completed Pipeline.geojson", "description": null, "altitudeMode": null }, "geometry": { "type": "MultiLineString", "coordinates": [ [ [ 620153.483, 2961453.805000000633299, 89.89 ], [ 620163.689189123804681, 2961458.343504543881863, 88.88 ], [ 620173.677067706827074, 2961462.811394967138767, 89.04 ], [ 620178.187000000034459, 2961464.838, 0.0 ], [ 620182.971000000019558, 2961464.883, 89.8 ], [ 620195.245796553092077, 2961470.279060549568385, 90.44 ], [ 620205.656629718956538, 2961474.902995542623103, 89.61 ], [ 620216.594090035185218, 2961479.716638865880668, 89.49 ], [ 620221.895999999949709, 2961481.992999999783933, 0.0 ], [ 620225.134689948521554, 2961483.791818905621767, 89.19 ], [ 620233.0117681970587, 2961487.906869423110038, 89.21 ] ] ] } },
{ "type": "Feature", "properties": { "id": "6", "Name": "Gojpuria bylane 4 , 23 m pipe laying", "descriptio": null, "timestamp": null, "begin": null, "end": null, "layer": "Completed Pipeline", "path": "D:\\Jorhat TWSS\\Completed Pipeline.geojson", "description": null, "altitudeMode": null }, "geometry": { "type": "MultiLineString", "coordinates": [ [ [ 620233.0117681970587, 2961487.906869423110038, 89.21 ], [ 620245.793917058967054, 2961494.862047301605344, 90.94 ], [ 620259.150999999954365, 2961502.032999999821186, 90.96 ] ] ] } },
{ "type": "Feature", "properties": { "id": "7", "Name": "07-12-2025 19:05:18", "descriptio": null, "timestamp": null, "begin": null, "end": null, "layer": "Completed Pipeline", "path": "D:\\Jorhat TWSS\\Completed Pipeline.geojson", "description": null, "altitudeMode": null }, "geometry": { "type": "MultiLineString", "coordinates": [ [ [ 620095.400999999954365, 2961421.273, 93.34 ], [ 620112.09980779979378, 2961385.17675966816023, 92.8073726054281 ], [ 620115.912967818905599, 2961376.440069261472672, 92.798564734868705 ], [ 620117.776791386655532, 2961372.209837923292071, 92.743875434622169 ], [ 620120.700673137442209, 2961366.080668561160564, 92.753688872791827 ] ] ] } },
{ "type": "Feature", "properties": { "id": "8", "Name": "HDPE 110 DMA-1", "descriptio": null, "timestamp": null, "begin": null, "end": null, "layer": "Completed Pipeline", "path": "D:\\Jorhat TWSS\\Completed Pipeline.geojson", "description": null, "altitudeMode": null }, "geometry": { "type": "MultiLineString", "coordinates": [ [ [ 620496.917065166053362, 2961929.51042014034465, 34.43 ], [ 620502.112948051653802, 2961919.76804871764034, 35.19 ], [ 620507.032920875120908, 2961910.002286310773343, 36.24 ], [ 620511.720006904564798, 2961900.30241930950433, 35.34 ], [ 620516.579281336162239, 2961891.346709965728223, 36.53 ], [ 620520.703567710588686, 2961881.886591527145356, 37.82 ], [ 620525.954363418277353, 2961872.228945374023169, 37.59 ], [ 620531.149557687574998, 2961862.980659110005945, 36.28 ], [ 620536.187437041196972, 2961854.067647850606591, 35.45 ], [ 620541.155141343013383, 2961843.874203620944172, 34.93 ], [ 620545.712414801586419, 2961835.086477405857295, 35.97 ], [ 620551.566823927802034, 2961825.429056503809988, 34.25 ], [ 620556.738779773702845, 2961816.18254165397957, 34.84 ], [ 620562.237459779367782, 2961806.436664214823395, 34.5 ], [ 620567.169686020584777, 2961797.033006408717483, 32.8 ], [ 620572.301026872592047, 2961788.334705539513379, 33.69 ], [ 620576.699061935767531, 2961778.642358774784952, 33.25 ], [ 620585.421820632880554, 2961759.083286050241441, 32.01 ], [ 620589.347800587769598, 2961749.512489583808929, 32.83 ], [ 620594.179474622826092, 2961739.08316192496568, 32.57 ], [ 620598.816925172694027, 2961728.896808425430208, 32.4 ], [ 620603.234544340404682, 2961719.031838836148381, 33.36 ], [ 620607.753829119028524, 2961710.0806720899418, 33.76 ], [ 620611.271748131606728, 2961699.882536181714386, 33.34 ], [ 620614.807328570401296, 2961689.918316560797393, 32.16 ], [ 620618.406833685934544, 2961679.92479683784768, 31.77 ], [ 620628.859796352568083, 2961650.417302817106247, 31.02 ] ], [ [ 620628.859796352568083, 2961650.417302817106247, 31.02 ], [ 620635.5981074628653, 2961633.548171990085393, 30.22 ], [ 620640.130601016571745, 2961620.589670374058187, 31.42 ], [ 620656.465784633648582, 2961573.813385223504156, 31.08 ] ] ] } },
{ "type": "Feature", "properties": { "id": "9", "Name": "HDPE 110 mm  DMA-1", "descriptio": null, "timestamp": null, "begin": null, "end": null, "layer": "Completed Pipeline", "path": "D:\\Jorhat TWSS\\Completed Pipeline.geojson", "description": null, "altitudeMode": null }, "geometry": { "type": "MultiLineString", "coordinates": [ [ [ 620044.639513213653117, 2961730.069603686686605, 31.78 ], [ 620050.281133608776145, 2961720.374497925397009, 32.67 ], [ 620053.822722320794128, 2961710.986257042270154, 33.07 ], [ 620062.227944617508911, 2961683.936464133672416, 34.72 ], [ 620066.519709005136974, 2961668.953009501565248, 35.25 ], [ 620067.693369311280549, 2961654.600352251902223, 35.28 ], [ 620065.82334698154591, 2961613.557742851786315, 33.89 ], [ 620066.03352993610315, 2961583.591092307120562, 34.36 ], [ 620069.268330577993765, 2961565.6205053771846, 35.37 ], [ 620074.359539150493219, 2961541.734459088183939, 35.58 ], [ 620076.620297406218015, 2961529.951194594614208, 35.29 ], [ 620078.064498504856601, 2961519.769216246902943, 34.44 ], [ 620077.356760855647735, 2961507.232149317394942, 34.59 ], [ 620075.262039331719279, 2961497.413371696136892, 35.26 ], [ 620073.514756474061869, 2961488.22433816595003, 0.0 ], [ 620069.672752092359588, 2961481.753593944944441, 35.49 ], [ 620061.901049896026962, 2961474.466432369779795, 34.61 ], [ 620060.035869043320417, 2961466.694845483172685, 36.38 ], [ 620059.966635760269128, 2961459.712621439713985, 36.70317763175332 ], [ 620058.854476597276516, 2961449.703188972081989, 40.37 ], [ 620059.764425003086217, 2961439.99707263847813, 38.47 ], [ 620061.58432181540411, 2961429.684324035421014, 35.51 ], [ 620062.626398005057126, 2961408.097080358769745, 94.287281137275315 ] ] ] } },
{ "type": "Feature", "properties": { "id": "10", "Name": "HDPE 110 mm  12 Dec - 175 m", "descriptio": null, "timestamp": null, "begin": null, "end": null, "layer": "Completed Pipeline", "path": "D:\\Jorhat TWSS\\Completed Pipeline.geojson", "description": null, "altitudeMode": null }, "geometry": { "type": "MultiLineString", "coordinates": [ [ [ 620726.780930545763113, 2961435.151172596029937, 92.774357083983375 ], [ 620725.483938480960205, 2961446.819723427761346, 34.83 ], [ 620721.030562118627131, 2961456.795049690175802, 36.32 ], [ 620717.003634237684309, 2961466.236100044567138, 36.69 ], [ 620711.878927431302145, 2961474.945490782614797, 38.35 ], [ 620687.916926016565412, 2961510.490033024922013, 36.52 ], [ 620658.495459005236626, 2961567.129420839250088, 37.57 ], [ 620656.465784633648582, 2961573.813385223504156, 31.08 ] ] ] } },
{ "type": "Feature", "properties": { "id": "11", "Name": "Road along hindi lp school", "descriptio": null, "timestamp": null, "begin": null, "end": null, "layer": "Completed Pipeline", "path": "D:\\Jorhat TWSS\\Completed Pipeline.geojson", "description": null, "altitudeMode": null }, "geometry": { "type": "MultiLineString", "coordinates": [ [ [ 620726.780930545763113, 2961435.151172596029937, 92.774357083983375 ], [ 620712.299703418044373, 2961434.600176758598536, 92.98498045965249 ], [ 620660.423208570922725, 2961431.422185609582812, 93.879532050341368 ], [ 620646.48897851340007, 2961427.904658114537597, 93.981971061788499 ], [ 620641.566719008726068, 2961427.341756199486554, 94.281984144821763 ], [ 620632.571315167471766, 2961426.533623432740569, 93.554769075475633 ], [ 620617.336395779275335, 2961425.94634060561657, 93.59064844623208 ], [ 620580.019053473486565, 2961424.337741284165531, 93.179479858838022 ], [ 620578.543507400318049, 2961424.232890585437417, 93.099293714389205 ], [ 620576.538886756869033, 2961424.018015468958765, 92.971967246383429 ] ] ] } },
{ "type": "Feature", "properties": { "id": "12", "Name": "Digambar chuck Jonaki Path 110 mm hdpe pipe laying", "descriptio": null, "timestamp": null, "begin": null, "end": null, "layer": "Completed Pipeline", "path": "D:\\Jorhat TWSS\\Completed Pipeline.geojson", "description": null, "altitudeMode": null }, "geometry": { "type": "MultiLineString", "coordinates": [ [ [ 620843.179450019844808, 2960958.634365777950734, 36.47 ], [ 620848.587441565818153, 2960939.35775576159358, 92.179459753446281 ], [ 620852.911427552695386, 2960917.305427229497582, 92.838745838962495 ], [ 620858.965007933671586, 2960890.17241516103968, 92.616824390366673 ], [ 620867.829179206630215, 2960877.795005273539573, 92.597653636708856 ], [ 620888.422162468661554, 2960846.229907570872456, 93.851266751997173 ], [ 620911.069039074005559, 2960812.502816874533892, 93.711617869324982 ], [ 620924.265632112510502, 2960794.790067491587251, 93.727806181646883 ], [ 620927.324230240774341, 2960790.589047804474831, 94.437510968185961 ] ] ] } },
{ "type": "Feature", "properties": { "id": "13", "Name": "Kmz file Gojpuria road total pipe laid=180m(110 mm hdpe).", "descriptio": null, "timestamp": null, "begin": null, "end": null, "layer": "Completed Pipeline", "path": "D:\\Jorhat TWSS\\Completed Pipeline.geojson", "description": null, "altitudeMode": null }, "geometry": { "type": "MultiLineString", "coordinates": [ [ [ 620183.189615902374499, 2961205.776768419425935, 92.627607134903201 ], [ 620195.831397237489, 2961194.015766930766404, 90.974588132463396 ], [ 620200.787766564288177, 2961188.008675263728946, 90.84315743856132 ], [ 620208.177145084482618, 2961178.859128140844405, 89.971997852437198 ], [ 620211.034841520362534, 2961174.35279781697318, 89.67051880992949 ], [ 620221.561001699301414, 2961155.865689673926681, 13.51667825098259 ], [ 620222.980140760657378, 2961141.687081895768642, 90.877940505743027 ], [ 620224.016352345584892, 2961133.501010376028717, 90.704697619192302 ], [ 620226.192396673723124, 2961126.97287739161402, 90.929114759899676 ], [ 620232.150613286765292, 2961112.724968099966645, 90.990119223482907 ], [ 620240.181253069313243, 2961099.306028076447546, 0.0 ], [ 620250.160276259179227, 2961088.023376959841698, 90.938394274972325 ], [ 620264.998520526569337, 2961077.960069429595023, 90.939418990164995 ], [ 620270.516347215860151, 2961074.773718805983663, 91.140778143890202 ] ] ] } },
{ "type": "Feature", "properties": { "id": "14", "Name": "Gojupria Road 110 mm hdpe pipe laying , length=236 m.", "descriptio": null, "timestamp": null, "begin": null, "end": null, "layer": "Completed Pipeline", "path": "D:\\Jorhat TWSS\\Completed Pipeline.geojson", "description": null, "altitudeMode": null }, "geometry": { "type": "MultiLineString", "coordinates": [ [ [ 620062.626398005057126, 2961408.097080358769745, 94.287281137275315 ], [ 620068.7400463555241, 2961396.180647132918239, 92.382424783497896 ], [ 620072.470408061053604, 2961386.54387939395383, 91.158591381096329 ], [ 620075.68266397411935, 2961380.119367567822337, 91.060636513377005 ], [ 620078.117761198547669, 2961368.151123763527721, 0.0 ], [ 620082.884334488771856, 2961352.918813466094434, 0.0 ], [ 620089.82695210725069, 2961331.883718293625861, 0.0 ], [ 620096.562327408697456, 2961317.791240739636123, 0.0 ], [ 620105.162883562850766, 2961305.149459404405206, 0.0 ], [ 620112.910764897125773, 2961296.659483687020838, 0.0 ], [ 620123.059497461887076, 2961283.620662422385067, 0.0 ], [ 620132.00076361047104, 2961270.332750153262168, 90.776918008923531 ], [ 620141.948394824983552, 2961255.825787965673953, 91.225755272433162 ], [ 620154.590176160098054, 2961238.831917973700911, 91.334548194892704 ], [ 620169.511622981866822, 2961219.869245971553028, 91.453851533122361 ], [ 620176.298808863153681, 2961213.237491830252111, 91.60097461566329 ], [ 620177.904936819686554, 2961210.595152288675308, 91.44769227411598 ], [ 620183.189615902374499, 2961205.776768419425935, 92.627607134903201 ] ] ] } },
{ "type": "Feature", "properties": { "id": "15", "Name": "Ramdhenu path 110 mm hdpe laid = 163 m  monday 22 dec", "descriptio": null, "timestamp": null, "begin": null, "end": null, "layer": "Completed Pipeline", "path": "D:\\Jorhat TWSS\\Completed Pipeline.geojson", "description": null, "altitudeMode": null }, "geometry": { "type": "MultiLineString", "coordinates": [ [ [ 620426.675788873224519, 2961233.023464366327971, 91.230433211661875 ], [ 620478.058013231377117, 2961250.50298515195027, 91.602257463149726 ], [ 620484.352782715694048, 2961253.418438902124763, 92.044636685401201 ], [ 620488.494757503969595, 2961255.107736059464514, 92.05235580727458 ], [ 620492.449831132311374, 2961257.731218446511775, 92.550160818733275 ], [ 620490.975789378862828, 2961262.983957920223475, 92.88685190398246 ], [ 620490.202130626072176, 2961266.466624171938747, 93.148014940321445 ], [ 620487.983449253370054, 2961272.156455960124731, 93.247701068408787 ], [ 620484.658755409065634, 2961280.342232252005488, 93.481454828754067 ], [ 620477.957865519216284, 2961296.14219945250079, 0.0 ], [ 620464.612644698238, 2961321.809618529397994, 92.909535529091954 ], [ 620460.447261069319211, 2961328.559649713337421, 92.712502199225128 ], [ 620455.811886886018328, 2961342.792921632993966, 92.674644480459392 ], [ 620453.089160323375836, 2961350.823367217089981, 91.524032469590765 ] ] ] } },
{ "type": "Feature", "properties": { "id": "16", "Name": "Randhenu path , 110 mm hdpe pipe laid=100m, date 21 dec sunday.", "descriptio": null, "timestamp": null, "begin": null, "end": null, "layer": "Completed Pipeline", "path": "D:\\Jorhat TWSS\\Completed Pipeline.geojson", "description": null, "altitudeMode": null }, "geometry": { "type": "MultiLineString", "coordinates": [ [ [ 620339.388586491812021, 2961198.196468113455921, 92.635111787894644 ], [ 620343.476660817861557, 2961199.567927123047411, 92.517536306541857 ], [ 620349.546683588647284, 2961202.163896429818124, 92.622269091305725 ], [ 620419.741917208302766, 2961229.927453236654401, 91.434629989787936 ], [ 620422.634527536807582, 2961231.22410060884431, 91.149302853271365 ], [ 620426.675788873224519, 2961233.023464366327971, 91.230433211661875 ] ] ] } },
{ "type": "Feature", "properties": { "id": "17", "Name": "Ramdhenu path , 110 mm hdpe pipe laid=100m ( macharhat distribution zone)", "descriptio": null, "timestamp": null, "begin": "2025-12-23T17:07:09", "end": null, "layer": "Completed Pipeline", "path": "D:\\Jorhat TWSS\\Completed Pipeline.geojson", "description": null, "altitudeMode": null }, "geometry": { "type": "MultiLineString", "coordinates": [ [ [ 620431.901884316466749, 2961401.29119173809886, 91.915292625315487 ], [ 620338.227063756319694, 2961375.096972513012588, 93.45868109818548 ] ] ] } },
{ "type": "Feature", "properties": { "id": "18", "Name": "Ramdhenu path ,110 mm hdpe laid = 75 m .", "descriptio": null, "timestamp": null, "begin": "2025-12-27T12:01:26", "end": null, "layer": "Completed Pipeline", "path": "D:\\Jorhat TWSS\\Completed Pipeline.geojson", "description": null, "altitudeMode": null }, "geometry": { "type": "MultiLineString", "coordinates": [ [ [ 620227.723556662676856, 2961326.303057390730828, 89.933935856446624 ], [ 620286.245776776806451, 2961345.872567788697779, 90.200652626343071 ] ] ] } },
{ "type": "Feature", "properties": { "id": "19", "Name": "Ratha path , 110 mm hdpe ( manually) pipe laid=84 m.", "descriptio": null, "timestamp": null, "begin": "2025-12-25T17:57:11", "end": null, "layer": "Completed Pipeline", "path": "D:\\Jorhat TWSS\\Completed Pipeline.geojson", "description": null, "altitudeMode": null }, "geometry": { "type": "MultiLineString", "coordinates": [ [ [ 619980.779386934009381, 2961611.532737499568611, 91.748427196405828 ], [ 620065.85845967696514, 2961608.551611077971756, 33.968516680764154 ] ] ] } },
{ "type": "Feature", "properties": { "id": "20", "Name": "Ratna path , 110 mm hdpe laid  = 40  m.", "descriptio": null, "timestamp": null, "begin": "2025-12-28T16:44:02", "end": null, "layer": "Completed Pipeline", "path": "D:\\Jorhat TWSS\\Completed Pipeline.geojson", "description": null, "altitudeMode": null }, "geometry": { "type": "MultiLineString", "coordinates": [ [ [ 620019.274883674224839, 2961648.643486523069441, 92.313083664434927 ], [ 620014.969937914051116, 2961610.334649504628032, 68.528528609004056 ] ] ] } },
{ "type": "Feature", "properties": { "id": "21", "Name": "Ratna path ,110 mm hdpe laid = 17 m.", "descriptio": null, "timestamp": null, "begin": "2025-12-28T16:41:57", "end": null, "layer": "Completed Pipeline", "path": "D:\\Jorhat TWSS\\Completed Pipeline.geojson", "description": null, "altitudeMode": null }, "geometry": { "type": "MultiLineString", "coordinates": [ [ [ 619975.505985485506244, 2961606.211842673365027, 93.268042758107185 ], [ 619994.148609935538843, 2961605.815693608019501, 92.187811242416501 ] ] ] } },
{ "type": "Feature", "properties": { "id": "22", "Name": "Ratna path ,110 mm hdpe pipe laid= 70 m", "descriptio": null, "timestamp": null, "begin": "2025-12-27T17:45:36", "end": null, "layer": "Completed Pipeline", "path": "D:\\Jorhat TWSS\\Completed Pipeline.geojson", "description": null, "altitudeMode": null }, "geometry": { "type": "MultiLineString", "coordinates": [ [ [ 620065.902010788558982, 2961602.34236988145858, 34.065903052273455 ], [ 619994.148609935538843, 2961605.815693608019501, 92.187811242416501 ] ] ] } },
{ "type": "Feature", "properties": { "id": "23", "Name": "Bhogdoi path ,110 mm hdpe = 131 m laid by trencher", "descriptio": null, "timestamp": null, "begin": "2025-12-31T17:44:33", "end": null, "layer": "Completed Pipeline", "path": "D:\\Jorhat TWSS\\Completed Pipeline.geojson", "description": null, "altitudeMode": null }, "geometry": { "type": "MultiLineString", "coordinates": [ [ [ 620208.587213033926673, 2961416.224485720507801, 91.87728716339916 ], [ 620260.675744786858559, 2961436.9143584696576, 91.070833363570273 ], [ 620306.003784920438193, 2961456.526281367056072, 92.042130634188652 ], [ 620310.136941134231165, 2961456.595276788808405, 91.796632450073957 ], [ 620313.815810317057185, 2961455.815422907005996, 92.106988869373495 ], [ 620322.442601969698444, 2961457.703444614540786, 0.0 ], [ 620327.818677782313898, 2961459.621661648154259, 90.661737451329827 ], [ 620331.104309216258116, 2961460.943504731636494, 92.246218403801322 ] ] ] } },
{ "type": "Feature", "properties": { "id": "24", "Name": "Deuram  Borah path , 110 mm hdpe pipe laid = 70 m.", "descriptio": null, "timestamp": null, "begin": "2025-12-30T17:35:44", "end": null, "layer": "Completed Pipeline", "path": "D:\\Jorhat TWSS\\Completed Pipeline.geojson", "description": null, "altitudeMode": null }, "geometry": { "type": "MultiLineString", "coordinates": [ [ [ 620124.650252532563172, 2961701.282741015311331, 90.923969988711178 ], [ 620112.044908513780683, 2961693.614128540735692, 90.42173127643764 ], [ 620098.119480322930031, 2961685.838036793749779, 0.0 ], [ 620081.646674659452401, 2961679.295913115609437, 91.784794031642377 ], [ 620072.894751810003072, 2961676.459127660375088, 91.784794031642377 ], [ 620064.904969238792546, 2961674.590406583156437, 35.050592017905267 ] ] ] } },
{ "type": "Feature", "properties": { "id": "25", "Name": "Jai shreeram path ,110 mm hdpe pipe laid = 50 m.", "descriptio": null, "timestamp": null, "begin": "2025-12-31T17:54:48", "end": null, "layer": "Completed Pipeline", "path": "D:\\Jorhat TWSS\\Completed Pipeline.geojson", "description": null, "altitudeMode": null }, "geometry": { "type": "MultiLineString", "coordinates": [ [ [ 620437.436428236891516, 2961505.438527789432555, 90.51205475618562 ], [ 620438.320330896181986, 2961502.12354354467243, 90.010809129104018 ], [ 620439.297597940079868, 2961497.954859307501465, 90.010809129104018 ], [ 620444.571868605329655, 2961472.177507176995277, 0.0 ], [ 620446.011514774523675, 2961458.837846761103719, 90.63374059740454 ], [ 620446.181296251830645, 2961457.71290849102661, 90.439470435492694 ], [ 620446.181296251830645, 2961457.71290849102661, 90.439470435492694 ] ] ] } },
{ "type": "Feature", "properties": { "id": null, "Name": "Bhogdoi path ,110 mm hdpe pipe laid = 60 m by trencher", "descriptio": null, "timestamp": null, "begin": "2026-01-02T17:27:46", "end": null, "layer": "Completed Pipeline", "path": "D:\\Jorhat TWSS\\Completed Pipeline.geojson", "description": null, "altitudeMode": null }, "geometry": { "type": "MultiLineString", "coordinates": [ [ [ 620220.265922047896311, 2961386.669211290311068, 91.291951811872423 ], [ 620237.938523273100145, 2961393.609710385091603, 90.441306811757386 ], [ 620237.938523273100145, 2961393.609710385091603, 90.441306811757386 ], [ 620237.938523273100145, 2961393.609710385091603, 90.441306811757386 ], [ 620237.938523273100145, 2961393.609710385091603, 90.441306811757386 ], [ 620237.938523273100145, 2961393.609710385091603, 90.441306811757386 ], [ 620267.917671152856201, 2961404.270455698948354, 91.626574617396855 ] ] ] } },
{ "type": "Feature", "properties": { "id": null, "Name": "Gajouria branch road ,110 mm hdpe pipe laid", "descriptio": null, "timestamp": null, "begin": "2026-01-02T17:23:25", "end": null, "layer": "Completed Pipeline", "path": "D:\\Jorhat TWSS\\Completed Pipeline.geojson", "description": null, "altitudeMode": null }, "geometry": { "type": "MultiLineString", "coordinates": [ [ [ 620110.751946135074832, 2961675.841257745865732, 90.718114267103374 ], [ 620099.850788426818326, 2961669.282469912432134, 90.518181467428803 ], [ 620076.646249404875562, 2961660.281099025625736, 90.386573675088584 ], [ 620067.372124640736729, 2961658.528843848034739, 35.271788646113819 ] ] ] } },
{ "type": "Feature", "properties": { "id": null, "Name": "Gajpuria branch road, 110 mm hdpe pipe laid = 38m .", "descriptio": null, "timestamp": null, "begin": "2026-01-04T18:40:15", "end": null, "layer": "Completed Pipeline", "path": "D:\\Jorhat TWSS\\Completed Pipeline.geojson", "description": null, "altitudeMode": null }, "geometry": { "type": "MultiLineString", "coordinates": [ [ [ 620066.214594751829281, 2961622.144714826252311, 34.180817061088746 ], [ 620071.513531305012293, 2961623.508810244966298, 91.204156070016325 ], [ 620101.578672074829228, 2961631.650384958367795, 90.954427939839661 ] ] ] } },
{ "type": "Feature", "properties": { "id": null, "Name": "Gajpuria branch road, 110 mm hdpe pipe laid = 45 m", "descriptio": null, "timestamp": null, "begin": "2026-01-04T18:38:41", "end": null, "layer": "Completed Pipeline", "path": "D:\\Jorhat TWSS\\Completed Pipeline.geojson", "description": null, "altitudeMode": null }, "geometry": { "type": "MultiLineString", "coordinates": [ [ [ 620106.973019749158993, 2961638.729704515077174, 89.623056473210454 ], [ 620082.467204165644944, 2961631.218560239300132, 89.694637325592339 ], [ 620070.596231327275746, 2961629.10330956382677, 89.694637325592339 ], [ 620066.495736393611878, 2961628.31506526703015, 34.389789818477048 ] ] ] } },
{ "type": "Feature", "properties": { "id": null, "Name": "Milan nagar branch Road, 110 mm hdpe pipe laid = 30 m", "descriptio": null, "timestamp": null, "begin": "2026-01-04T18:26:13", "end": null, "layer": "Completed Pipeline", "path": "D:\\Jorhat TWSS\\Completed Pipeline.geojson", "description": null, "altitudeMode": null }, "geometry": { "type": "MultiLineString", "coordinates": [ [ [ 620308.597646552254446, 2961817.253657515626401, 90.833568269386888 ], [ 620307.782902258681133, 2961819.325449177529663, 90.704028223641217 ], [ 620302.865497426479124, 2961834.798220779746771, 88.986280576325953 ], [ 620295.8707106806105, 2961848.970735442824662, 92.957163474443334 ] ] ] } },
{ "type": "Feature", "properties": { "id": null, "Name": "Milan nagar path , 250 mm DI laid", "descriptio": null, "timestamp": null, "begin": "2026-01-03T16:57:15", "end": null, "layer": "Completed Pipeline", "path": "D:\\Jorhat TWSS\\Completed Pipeline.geojson", "description": null, "altitudeMode": null }, "geometry": { "type": "MultiLineString", "coordinates": [ [ [ 619956.003416625550017, 2961674.978655285201967, 92.152109325863421 ], [ 619976.036309066461399, 2961689.017257353756577, 91.802920670248568 ], [ 620024.858398765674792, 2961718.917330930009484, 91.802920670248568 ], [ 620044.639513213653117, 2961730.069603686686605, 31.78 ] ] ] } },
{ "type": "Feature", "properties": { "id": null, "Name": "Milan nagar path , DI pipe laid = 30 m", "descriptio": null, "timestamp": null, "begin": "2026-01-04T18:31:21", "end": null, "layer": "Completed Pipeline", "path": "D:\\Jorhat TWSS\\Completed Pipeline.geojson", "description": null, "altitudeMode": null }, "geometry": { "type": "MultiLineString", "coordinates": [ [ [ 620456.429750777431764, 2961916.496839037165046, 90.921380163427983 ], [ 620462.992241821018979, 2961918.522626610472798, 90.002862541936338 ], [ 620466.543993035447784, 2961919.422944872640073, 90.002862541936338 ], [ 620476.368443838320673, 2961922.250774504616857, 90.002862541936338 ], [ 620496.917065166053362, 2961929.51042014034465, 34.43 ] ] ] } },
{ "type": "Feature", "properties": { "id": null, "Name": "Milan nagar path DI pipe laid", "descriptio": null, "timestamp": null, "begin": "2026-01-03T16:48:14", "end": null, "layer": "Completed Pipeline", "path": "D:\\Jorhat TWSS\\Completed Pipeline.geojson", "description": null, "altitudeMode": null }, "geometry": { "type": "MultiLineString", "coordinates": [ [ [ 620459.473682438954711, 2961905.068332172930241, 91.362336509548626 ], [ 620457.607791843824089, 2961912.251944168936461, 90.909377371168063 ], [ 620456.429750777431764, 2961916.496839037165046, 90.921380163427983 ], [ 620455.14185332856141, 2961916.027892366982996, 90.957363889011575 ], [ 620432.215870655723847, 2961907.119269070215523, 92.323207177221775 ], [ 620411.070800614543259, 2961900.280091626103967, 92.299882070161402 ], [ 620392.576037115999497, 2961893.784566503483802, 92.714958058894979 ], [ 620381.785471923649311, 2961888.770320993848145, 93.078999886289239 ], [ 620332.314633272122592, 2961863.273882844019681, 92.886519065712207 ], [ 620319.681303771445528, 2961856.538513575680554, 92.784239220432937 ] ] ] } },
{ "type": "Feature", "properties": { "id": null, "Name": "Bhogdoi path , 110 mm hdpe pipe laid = 30 m", "descriptio": null, "timestamp": null, "begin": "2026-01-03T17:33:12", "end": null, "layer": "Completed Pipeline", "path": "D:\\Jorhat TWSS\\Completed Pipeline.geojson", "description": null, "altitudeMode": null }, "geometry": { "type": "MultiLineString", "coordinates": [ [ [ 620314.844687906443141, 2961510.11585417157039, 90.518894228152931 ], [ 620337.093291969504207, 2961516.438299210742116, 90.594000761397183 ], [ 620344.110494392225519, 2961518.745646273717284, 90.299618815071881 ] ] ] } },
{ "type": "Feature", "properties": { "id": null, "Name": "Bhogdoi path ,110 mm hdpe pipe laid = 47 m .", "descriptio": null, "timestamp": null, "begin": "2026-01-03T17:36:58", "end": null, "layer": "Completed Pipeline", "path": "D:\\Jorhat TWSS\\Completed Pipeline.geojson", "description": null, "altitudeMode": null }, "geometry": { "type": "MultiLineString", "coordinates": [ [ [ 620333.812023025122471, 2961461.777160450816154, 91.768088228069246 ], [ 620314.844687906443141, 2961510.11585417157039, 90.518894228152931 ] ] ] } },
{ "type": "Feature", "properties": { "id": null, "Name": "Gajpuria branch road ,110 mm hdpe pipe kaid = 31 m by trencher machine .", "descriptio": null, "timestamp": null, "begin": "2026-01-07T15:43:40", "end": null, "layer": "Completed Pipeline", "path": "D:\\Jorhat TWSS\\Completed Pipeline.geojson", "description": null, "altitudeMode": null }, "geometry": { "type": "MultiLineString", "coordinates": [ [ [ 620059.082529857987538, 2961447.270620855968446, 39.893817842095714 ], [ 620084.675676087848842, 2961452.013384565711021, 92.571933631785214 ] ] ] } },
{ "type": "Feature", "properties": { "id": null, "Name": "Near ambedkar path bylane, 110 mm hdpe pipe laid = 30 m  manually", "descriptio": null, "timestamp": null, "begin": "2026-01-07T13:00:11", "end": null, "layer": "Completed Pipeline", "path": "D:\\Jorhat TWSS\\Completed Pipeline.geojson", "description": null, "altitudeMode": null }, "geometry": { "type": "MultiLineString", "coordinates": [ [ [ 620161.245287372730672, 2961747.867798494640738, 91.968852466903627 ], [ 620157.964018428232521, 2961753.870119735132903, 91.968852466903627 ], [ 620150.281047240947373, 2961766.835133613552898, 0.0 ], [ 620146.444651146885008, 2961772.06723459251225, 92.089520876233266 ] ] ] } },
{ "type": "Feature", "properties": { "id": null, "Name": "Near triveni path , 110 mm hdpe piie laid = 93 m.", "descriptio": null, "timestamp": null, "begin": "2026-01-06T17:06:39", "end": null, "layer": "Completed Pipeline", "path": "D:\\Jorhat TWSS\\Completed Pipeline.geojson", "description": null, "altitudeMode": null }, "geometry": { "type": "MultiLineString", "coordinates": [ [ [ 620298.285919926129282, 2961850.250722633674741, 92.881103388886103 ], [ 620314.464540894841775, 2961805.710167510434985, 91.740335037000477 ], [ 620302.980099588632584, 2961801.708620017860085, 90.779476220719516 ], [ 620308.742327979183756, 2961783.701656297314912, 91.71346278488636 ], [ 620283.132424021488987, 2961776.658932709135115, 89.381169723346829 ] ] ] } },
{ "type": "Feature", "properties": { "id": null, "Name": "Triveni path , 110 mm hdpe pipe laid =. 78 m  by trencher", "descriptio": null, "timestamp": null, "begin": "2026-01-06T16:58:48", "end": null, "layer": "Completed Pipeline", "path": "D:\\Jorhat TWSS\\Completed Pipeline.geojson", "description": null, "altitudeMode": null }, "geometry": { "type": "MultiLineString", "coordinates": [ [ [ 620392.454701540875249, 2961584.224513750523329, 90.628502818428927 ], [ 620416.864141250378452, 2961589.426525491755456, 89.544516400434077 ], [ 620436.239036466227844, 2961594.109381515532732, 90.971927433274686 ], [ 620454.598734113038518, 2961598.389991877600551, 90.441414969973266 ], [ 620470.320879436098039, 2961600.676040108781308, 89.65052364487201 ] ] ] } },
{ "type": "Feature", "properties": { "id": null, "Name": "Triveni path branch road , 110 mm hdpe pipe laid = 69 m.", "descriptio": null, "timestamp": null, "begin": "2026-01-08T18:39:06", "end": null, "layer": "Completed Pipeline", "path": "D:\\Jorhat TWSS\\Completed Pipeline.geojson", "description": null, "altitudeMode": null }, "geometry": { "type": "MultiLineString", "coordinates": [ [ [ 620459.680993376066908, 2961595.215288398321718, 95.662689352097487 ], [ 620393.014918189845048, 2961580.1429353072308, 90.798203865997493 ] ] ] } },
{ "type": "Feature", "properties": { "id": null, "Name": "Triveni path branch road ,110 mm hdpe pipe laid manually.", "descriptio": null, "timestamp": null, "begin": "2026-01-09T16:19:06", "end": null, "layer": "Completed Pipeline", "path": "D:\\Jorhat TWSS\\Completed Pipeline.geojson", "description": null, "altitudeMode": null }, "geometry": { "type": "MultiLineString", "coordinates": [ ] } },
{ "type": "Feature", "properties": { "id": null, "Name": "Ramdhenu path  branch road,Total HDPE pipe laid = 57 m", "descriptio": null, "timestamp": null, "begin": "2026-01-31T16:14:55", "end": null, "layer": "Completed Pipeline", "path": "D:\\Jorhat TWSS\\Completed Pipeline.geojson", "description": null, "altitudeMode": null }, "geometry": { "type": "MultiLineString", "coordinates": [ [ [ 620453.089160323375836, 2961350.823367217089981, 91.524032469590765 ], [ 620395.939206331851892, 2961331.090809812769294, 89.47878136113286 ] ] ] } },
{ "type": "Feature", "properties": { "id": null, "Name": "Ramdhenu path branch road, 110 mm hdpe pipe laid = 29 m manually.", "descriptio": null, "timestamp": null, "begin": "2026-02-01T17:16:40", "end": null, "layer": "Completed Pipeline", "path": "D:\\Jorhat TWSS\\Completed Pipeline.geojson", "description": null, "altitudeMode": null }, "geometry": { "type": "MultiLineString", "coordinates": [ [ [ 620320.63902265264187, 2961214.370871205348521, 90.063352506607771 ], [ 620292.715592363616452, 2961204.504592502955347, 90.833368822932243 ] ] ] } },
{ "type": "Feature", "properties": { "id": null, "Name": "Bhogdoi path branch road,110 mm hdpe pipe laid = 124 m", "descriptio": null, "timestamp": null, "begin": "2026-01-20T12:10:59", "end": null, "layer": "Completed Pipeline", "path": "D:\\Jorhat TWSS\\Completed Pipeline.geojson", "description": null, "altitudeMode": null }, "geometry": { "type": "MultiLineString", "coordinates": [ [ [ 620329.79713703750167, 2961456.768556853756309, 90.853443659879488 ], [ 620320.753639702801593, 2961453.620672825258225, 90.586674726961292 ], [ 620309.335890855407342, 2961454.10085852490738, 90.036467078141868 ], [ 620305.067573529318906, 2961452.713655393570662, 89.811588000506163 ], [ 620257.795959142153151, 2961432.492502061184496, 90.217323218472302 ], [ 620209.312059925636277, 2961414.547556292265654, 91.596466458687161 ] ] ] } },
{ "type": "Feature", "properties": { "id": null, "Name": "Digambar chuck branch road,110 mm hdpe pipe laid = 36 m manually.", "descriptio": null, "timestamp": null, "begin": "2026-01-23T17:34:30", "end": null, "layer": "Completed Pipeline", "path": "D:\\Jorhat TWSS\\Completed Pipeline.geojson", "description": null, "altitudeMode": null }, "geometry": { "type": "MultiLineString", "coordinates": [ [ [ 620511.974255911656655, 2961817.241293533239514, 91.572123130562417 ], [ 620519.868803503224626, 2961820.293399746529758, 91.513991542160511 ], [ 620535.850155955180526, 2961826.418175785336643, 91.092168972827494 ], [ 620547.438051114790142, 2961832.239871396217495, 35.463015538397535 ] ] ] } },
{ "type": "Feature", "properties": { "id": null, "Name": "Digambar chuck branch road,110 mm hdpe pipe laid = 48 m manually.", "descriptio": null, "timestamp": null, "begin": "2026-01-22T16:37:20", "end": null, "layer": "Completed Pipeline", "path": "D:\\Jorhat TWSS\\Completed Pipeline.geojson", "description": null, "altitudeMode": null }, "geometry": { "type": "MultiLineString", "coordinates": [ [ [ 620600.941995179979131, 2961583.444211995229125, 91.060506528243423 ], [ 620608.251488601090387, 2961584.938123059459031, 90.742821717821556 ], [ 620615.881105821463279, 2961585.471662725321949, 89.899103820323944 ], [ 620631.994003727682866, 2961586.218618257436901, 90.487996227107942 ], [ 620650.657356625655666, 2961590.445991942193359, 31.200896438572414 ] ] ] } },
{ "type": "Feature", "properties": { "id": null, "Name": "Digambar chuck path branch road,110 mm hdpe pipe laid = 36 m.", "descriptio": null, "timestamp": null, "begin": "2026-01-19T17:37:59", "end": null, "layer": "Completed Pipeline", "path": "D:\\Jorhat TWSS\\Completed Pipeline.geojson", "description": null, "altitudeMode": null }, "geometry": { "type": "MultiLineString", "coordinates": [ [ [ 620604.103635092033073, 2961600.306219671387225, 91.427457350306213 ], [ 620613.26676145917736, 2961600.09064956754446, 90.36945219989866 ], [ 620628.324367027031258, 2961602.048922701738775, 90.182704431004822 ], [ 620645.169394054333679, 2961606.160936331376433, 31.315122719584899 ] ] ] } },
{ "type": "Feature", "properties": { "id": null, "Name": "Gajpuria path branch road,110 mm hdpe pipe laid = 42 m manually.", "descriptio": null, "timestamp": null, "begin": "2026-01-28T10:43:28", "end": null, "layer": "Completed Pipeline", "path": "D:\\Jorhat TWSS\\Completed Pipeline.geojson", "description": null, "altitudeMode": null }, "geometry": { "type": "MultiLineString", "coordinates": [ [ [ 620225.808998387190513, 2961128.123072251211852, 90.889574596998045 ], [ 620214.472538279485889, 2961124.866869263816625, 93.192841081880033 ], [ 620194.433609873987734, 2961116.192305404227227, 92.636452780105174 ], [ 620180.495099318446591, 2961111.548585089854896, 92.362000280059874 ] ] ] } },
{ "type": "Feature", "properties": { "id": null, "Name": "Jai shreeram path,110 mm hdpe pipe laid = 51 m manually", "descriptio": null, "timestamp": null, "begin": "2026-01-21T12:43:01", "end": null, "layer": "Completed Pipeline", "path": "D:\\Jorhat TWSS\\Completed Pipeline.geojson", "description": null, "altitudeMode": null }, "geometry": { "type": "MultiLineString", "coordinates": [ [ [ 620437.436428236891516, 2961505.438527789432555, 90.51205475618562 ], [ 620432.983708397019655, 2961543.748860861640424, 91.516109532676637 ] ] ] } },
{ "type": "Feature", "properties": { "id": null, "Name": "Jai shreeram path,110 mm hdpe pipe laid = 67 m by trencher machine and manually.", "descriptio": null, "timestamp": null, "begin": "2026-01-20T17:26:19", "end": null, "layer": "Completed Pipeline", "path": "D:\\Jorhat TWSS\\Completed Pipeline.geojson", "description": null, "altitudeMode": null }, "geometry": { "type": "MultiLineString", "coordinates": [ [ [ 620434.025136761018075, 2961534.788614331744611, 91.281275282869217 ], [ 620423.32173720758874, 2961533.250115277711302, 90.401815379969776 ], [ 620405.506415610085241, 2961529.329951393883675, 90.668060571886599 ], [ 620363.890321680111811, 2961520.686608808115125, 92.025483059696853 ] ] ] } },
{ "type": "Feature", "properties": { "id": null, "Name": "Milan nagar path,250 mm DI pipe kmz file from  Gajouria chariali to triveni path.", "descriptio": null, "timestamp": null, "begin": "2026-01-28T15:01:25", "end": null, "layer": "Completed Pipeline", "path": "D:\\Jorhat TWSS\\Completed Pipeline.geojson", "description": null, "altitudeMode": null }, "geometry": { "type": "MultiLineString", "coordinates": [ [ [ 620031.358020263141952, 2961736.70748564042151, 92.394053347115971 ], [ 620034.216162202646956, 2961730.79452918889001, 91.926778345368803 ], [ 620054.917501233983785, 2961739.011040042620152, 91.88101295940578 ], [ 620060.451403385261074, 2961741.209365900140256, 93.218721173703671 ], [ 620112.381881708977744, 2961757.37910765921697, 93.567467703483999 ], [ 620136.389910774887539, 2961766.91184739721939, 91.983930192887783 ], [ 620279.164222756400704, 2961840.116806704550982, 93.483286377973855 ], [ 620318.031656161881983, 2961860.715360222849995, 92.25926807988435 ] ] ] } },
{ "type": "Feature", "properties": { "id": null, "Name": "Ramdhenu path branch road ,110 mm hdpe pipe laid = 35 m manually.", "descriptio": null, "timestamp": null, "begin": "2026-01-21T17:52:42", "end": null, "layer": "Completed Pipeline", "path": "D:\\Jorhat TWSS\\Completed Pipeline.geojson", "description": null, "altitudeMode": null }, "geometry": { "type": "MultiLineString", "coordinates": [ [ [ 620308.069920673151501, 2961393.517218556720763, 90.008815753273666 ], [ 620317.470285596442409, 2961395.693192481063306, 89.304706258699298 ], [ 620329.156889438279904, 2961397.825762274675071, 88.733046495355666 ], [ 620338.227063756319694, 2961375.096972513012588, 93.45868109818548 ] ] ] } },
{ "type": "Feature", "properties": { "id": null, "Name": "Ramdhenu path branch road,110 mm hdpe pipe laid = 32 m manually.", "descriptio": null, "timestamp": null, "begin": "2026-01-25T17:03:40", "end": null, "layer": "Completed Pipeline", "path": "D:\\Jorhat TWSS\\Completed Pipeline.geojson", "description": null, "altitudeMode": null }, "geometry": { "type": "MultiLineString", "coordinates": [ [ [ 620440.9334494167706, 2961284.395229332149029, 91.575403336435556 ], [ 620477.957865519216284, 2961296.14219945250079, 0.0 ] ] ] } },
{ "type": "Feature", "properties": { "id": null, "Name": "Ramdhenu path,110 mm hdpe pipe laid = 36 m manually .", "descriptio": null, "timestamp": null, "begin": "2026-01-24T15:59:53", "end": null, "layer": "Completed Pipeline", "path": "D:\\Jorhat TWSS\\Completed Pipeline.geojson", "description": null, "altitudeMode": null }, "geometry": { "type": "MultiLineString", "coordinates": [ [ [ 620522.586333241895773, 2961282.59485947387293, 90.308128904551268 ], [ 620509.119818701758049, 2961278.633000942412764, 90.141283055767417 ], [ 620488.901929294108413, 2961269.801004205364734, 93.206433439756523 ] ] ] } },
{ "type": "Feature", "properties": { "id": null, "Name": "Triveni path branch road ,110 mm hdpe pipe laid = 68 m", "descriptio": null, "timestamp": null, "begin": "2026-01-19T17:19:38", "end": null, "layer": "Completed Pipeline", "path": "D:\\Jorhat TWSS\\Completed Pipeline.geojson", "description": null, "altitudeMode": null }, "geometry": { "type": "MultiLineString", "coordinates": [ [ [ 620368.860801178147085, 2961554.827941657975316, 89.825452514924109 ], [ 620303.514531231601723, 2961535.280425360891968, 89.603391802869737 ] ] ] } },
{ "type": "Feature", "properties": { "id": null, "Name": "Triveni path branch road ,110 mm hdpe pipe laid = 97 m", "descriptio": null, "timestamp": null, "begin": "2026-01-19T17:26:49", "end": null, "layer": "Completed Pipeline", "path": "D:\\Jorhat TWSS\\Completed Pipeline.geojson", "description": null, "altitudeMode": null }, "geometry": { "type": "MultiLineString", "coordinates": [ [ [ 620295.167304167291149, 2961532.017315277364105, 89.93192502297461 ], [ 620303.868426325614564, 2961533.09533718181774, 89.528551689349115 ], [ 620340.307868453208357, 2961543.842230303678662, 89.799249292351305 ], [ 620370.756581614608876, 2961552.543497426901013, 89.627605832181871 ], [ 620392.594755698461086, 2961557.500845746137202, 89.550586424767971 ] ] ] } },
{ "type": "Feature", "properties": { "id": "1", "Name": "Nakari Road Digambar Chuk 16 Dec DMA-1", "descriptio": null, "timestamp": null, "begin": null, "end": null, "layer": "Completed Pipeline", "path": "D:\\Jorhat TWSS\\Completed Pipeline.geojson", "description": null, "altitudeMode": null }, "geometry": { "type": "MultiLineString", "coordinates": [ [ [ 620776.449900235398673, 2961229.141805849969387, 44.22 ], [ 620779.584166968124919, 2961216.149764717556536, 41.3 ], [ 620782.617328322026879, 2961204.724856951273978, 41.74 ], [ 620835.394335877965204, 2960991.999140670057386, 36.78 ], [ 620843.179450019844808, 2960958.634365777950734, 36.47 ] ] ] } },
{ "type": "Feature", "properties": { "id": "2", "Name": "60 m 110 mm hdpe laying done .", "descriptio": null, "timestamp": null, "begin": null, "end": null, "layer": "Completed Pipeline", "path": "D:\\Jorhat TWSS\\Completed Pipeline.geojson", "description": null, "altitudeMode": null }, "geometry": { "type": "MultiLineString", "coordinates": [ [ [ 620311.013692701002583, 2961510.594718619715422, 91.51829544827342 ], [ 620330.504077092278749, 2961463.357771718874574, 92.246218403801322 ], [ 620331.104309216258116, 2961460.943504731636494, 92.246218403801322 ] ] ] } },
{ "type": "Feature", "properties": { "id": "3", "Name": "5 Dec 2025 at 5:13:32?PM", "descriptio": null, "timestamp": null, "begin": null, "end": null, "layer": "Completed Pipeline", "path": "D:\\Jorhat TWSS\\Completed Pipeline.geojson", "description": null, "altitudeMode": null }, "geometry": { "type": "MultiLineString", "coordinates": [ [ [ 620153.483, 2961453.805000000633299, 89.89 ], [ 620133.932000000029802, 2961440.933000000193715, 91.99 ], [ 620121.578105394728482, 2961434.533600103575736, 91.6 ], [ 620111.841528551653028, 2961429.823795338626951, 92.54 ], [ 620104.006915959413163, 2961425.593794416636229, 93.11 ], [ 620095.400999999954365, 2961421.273, 93.34 ], [ 620085.938391860807315, 2961416.649291631765664, 92.9 ], [ 620074.646452389308251, 2961412.345547856763005, 92.22 ], [ 620066.771244344417937, 2961409.340534260496497, 92.58 ], [ 620062.626398005057126, 2961408.097080358769745, 94.287281137275315 ] ] ] } },
{ "type": "Feature", "properties": { "id": "4", "Name": "08-12-2025 18:03:57", "descriptio": null, "timestamp": null, "begin": null, "end": null, "layer": "Completed Pipeline", "path": "D:\\Jorhat TWSS\\Completed Pipeline.geojson", "description": null, "altitudeMode": null }, "geometry": { "type": "MultiLineString", "coordinates": [ [ [ 620186.414982068235986, 2961466.396991346497089, 89.979567010657064 ], [ 620201.615905128070153, 2961431.674868142232299, 90.508299821056426 ], [ 620203.515412947395816, 2961427.50379088614136, 90.789243425242603 ], [ 620208.587213033926673, 2961416.224485720973462, 91.87728716339916 ], [ 620209.710237746592611, 2961413.626374021172523, 91.442204120568931 ], [ 620210.495797315146774, 2961411.648392966017127, 91.392720705829561 ], [ 620212.045098627568223, 2961407.80765663459897, 91.286041682586074 ], [ 620219.2244616325479, 2961389.406617238651961, 91.369892728514969 ], [ 620220.265922047896311, 2961386.669211290311068, 91.291951811872423 ], [ 620220.860603559296578, 2961385.151148405857384, 91.047817449085414 ], [ 620222.187999999965541, 2961381.787, 91.057245687581599 ] ] ] } },
{ "type": "Feature", "properties": { "id": "5", "Name": "Gojpuria bylane 4 Road", "descriptio": null, "timestamp": null, "begin": null, "end": null, "layer": "Completed Pipeline", "path": "D:\\Jorhat TWSS\\Completed Pipeline.geojson", "description": null, "altitudeMode": null }, "geometry": { "type": "MultiLineString", "coordinates": [ [ [ 620153.483, 2961453.805000000633299, 89.89 ], [ 620163.689189123804681, 2961458.343504543881863, 88.88 ], [ 620173.677067706827074, 2961462.811394967138767, 89.04 ], [ 620178.187000000034459, 2961464.838, 0.0 ], [ 620182.971000000019558, 2961464.883, 89.8 ], [ 620195.245796553092077, 2961470.279060549568385, 90.44 ], [ 620205.656629718956538, 2961474.902995542623103, 89.61 ], [ 620216.594090035185218, 2961479.716638865880668, 89.49 ], [ 620221.895999999949709, 2961481.992999999783933, 0.0 ], [ 620225.134689948521554, 2961483.791818905621767, 89.19 ], [ 620233.0117681970587, 2961487.906869423110038, 89.21 ] ] ] } },
{ "type": "Feature", "properties": { "id": "6", "Name": "Gojpuria bylane 4 , 23 m pipe laying", "descriptio": null, "timestamp": null, "begin": null, "end": null, "layer": "Completed Pipeline", "path": "D:\\Jorhat TWSS\\Completed Pipeline.geojson", "description": null, "altitudeMode": null }, "geometry": { "type": "MultiLineString", "coordinates": [ [ [ 620233.0117681970587, 2961487.906869423110038, 89.21 ], [ 620245.793917058967054, 2961494.862047301605344, 90.94 ], [ 620259.150999999954365, 2961502.032999999821186, 90.96 ] ] ] } },
{ "type": "Feature", "properties": { "id": "7", "Name": "07-12-2025 19:05:18", "descriptio": null, "timestamp": null, "begin": null, "end": null, "layer": "Completed Pipeline", "path": "D:\\Jorhat TWSS\\Completed Pipeline.geojson", "description": null, "altitudeMode": null }, "geometry": { "type": "MultiLineString", "coordinates": [ [ [ 620095.400999999954365, 2961421.273, 93.34 ], [ 620112.09980779979378, 2961385.17675966816023, 92.8073726054281 ], [ 620115.912967818905599, 2961376.440069261472672, 92.798564734868705 ], [ 620117.776791386655532, 2961372.209837923292071, 92.743875434622169 ], [ 620120.700673137442209, 2961366.080668561160564, 92.753688872791827 ] ] ] } },
{ "type": "Feature", "properties": { "id": "8", "Name": "HDPE 110 DMA-1", "descriptio": null, "timestamp": null, "begin": null, "end": null, "layer": "Completed Pipeline", "path": "D:\\Jorhat TWSS\\Completed Pipeline.geojson", "description": null, "altitudeMode": null }, "geometry": { "type": "MultiLineString", "coordinates": [ [ [ 620496.917065166053362, 2961929.51042014034465, 34.43 ], [ 620502.112948051653802, 2961919.76804871764034, 35.19 ], [ 620507.032920875120908, 2961910.002286310773343, 36.24 ], [ 620511.720006904564798, 2961900.30241930950433, 35.34 ], [ 620516.579281336162239, 2961891.346709965728223, 36.53 ], [ 620520.703567710588686, 2961881.886591527145356, 37.82 ], [ 620525.954363418277353, 2961872.228945374023169, 37.59 ], [ 620531.149557687574998, 2961862.980659110005945, 36.28 ], [ 620536.187437041196972, 2961854.067647850606591, 35.45 ], [ 620541.155141343013383, 2961843.874203620944172, 34.93 ], [ 620545.712414801586419, 2961835.086477405857295, 35.97 ], [ 620551.566823927802034, 2961825.429056503809988, 34.25 ], [ 620556.738779773702845, 2961816.18254165397957, 34.84 ], [ 620562.237459779367782, 2961806.436664214823395, 34.5 ], [ 620567.169686020584777, 2961797.033006408717483, 32.8 ], [ 620572.301026872592047, 2961788.334705539513379, 33.69 ], [ 620576.699061935767531, 2961778.642358774784952, 33.25 ], [ 620585.421820632880554, 2961759.083286050241441, 32.01 ], [ 620589.347800587769598, 2961749.512489583808929, 32.83 ], [ 620594.179474622826092, 2961739.08316192496568, 32.57 ], [ 620598.816925172694027, 2961728.896808425430208, 32.4 ], [ 620603.234544340404682, 2961719.031838836148381, 33.36 ], [ 620607.753829119028524, 2961710.0806720899418, 33.76 ], [ 620611.271748131606728, 2961699.882536181714386, 33.34 ], [ 620614.807328570401296, 2961689.918316560797393, 32.16 ], [ 620618.406833685934544, 2961679.92479683784768, 31.77 ], [ 620628.859796352568083, 2961650.417302817106247, 31.02 ] ], [ [ 620628.859796352568083, 2961650.417302817106247, 31.02 ], [ 620635.5981074628653, 2961633.548171990085393, 30.22 ], [ 620640.130601016571745, 2961620.589670374058187, 31.42 ], [ 620656.465784633648582, 2961573.813385223504156, 31.08 ] ] ] } },
{ "type": "Feature", "properties": { "id": "9", "Name": "HDPE 110 mm  DMA-1", "descriptio": null, "timestamp": null, "begin": null, "end": null, "layer": "Completed Pipeline", "path": "D:\\Jorhat TWSS\\Completed Pipeline.geojson", "description": null, "altitudeMode": null }, "geometry": { "type": "MultiLineString", "coordinates": [ [ [ 620044.639513213653117, 2961730.069603686686605, 31.78 ], [ 620050.281133608776145, 2961720.374497925397009, 32.67 ], [ 620053.822722320794128, 2961710.986257042270154, 33.07 ], [ 620062.227944617508911, 2961683.936464133672416, 34.72 ], [ 620066.519709005136974, 2961668.953009501565248, 35.25 ], [ 620067.693369311280549, 2961654.600352251902223, 35.28 ], [ 620065.82334698154591, 2961613.557742851786315, 33.89 ], [ 620066.03352993610315, 2961583.591092307120562, 34.36 ], [ 620069.268330577993765, 2961565.6205053771846, 35.37 ], [ 620074.359539150493219, 2961541.734459088183939, 35.58 ], [ 620076.620297406218015, 2961529.951194594614208, 35.29 ], [ 620078.064498504856601, 2961519.769216246902943, 34.44 ], [ 620077.356760855647735, 2961507.232149317394942, 34.59 ], [ 620075.262039331719279, 2961497.413371696136892, 35.26 ], [ 620073.514756474061869, 2961488.22433816595003, 0.0 ], [ 620069.672752092359588, 2961481.753593944944441, 35.49 ], [ 620061.901049896026962, 2961474.466432369779795, 34.61 ], [ 620060.035869043320417, 2961466.694845483172685, 36.38 ], [ 620059.966635760269128, 2961459.712621439713985, 36.70317763175332 ], [ 620058.854476597276516, 2961449.703188972081989, 40.37 ], [ 620059.764425003086217, 2961439.99707263847813, 38.47 ], [ 620061.58432181540411, 2961429.684324035421014, 35.51 ], [ 620062.626398005057126, 2961408.097080358769745, 94.287281137275315 ] ] ] } },
{ "type": "Feature", "properties": { "id": "10", "Name": "HDPE 110 mm  12 Dec - 175 m", "descriptio": null, "timestamp": null, "begin": null, "end": null, "layer": "Completed Pipeline", "path": "D:\\Jorhat TWSS\\Completed Pipeline.geojson", "description": null, "altitudeMode": null }, "geometry": { "type": "MultiLineString", "coordinates": [ [ [ 620726.780930545763113, 2961435.151172596029937, 92.774357083983375 ], [ 620725.483938480960205, 2961446.819723427761346, 34.83 ], [ 620721.030562118627131, 2961456.795049690175802, 36.32 ], [ 620717.003634237684309, 2961466.236100044567138, 36.69 ], [ 620711.878927431302145, 2961474.945490782614797, 38.35 ], [ 620687.916926016565412, 2961510.490033024922013, 36.52 ], [ 620658.495459005236626, 2961567.129420839250088, 37.57 ], [ 620656.465784633648582, 2961573.813385223504156, 31.08 ] ] ] } },
{ "type": "Feature", "properties": { "id": "11", "Name": "Road along hindi lp school", "descriptio": null, "timestamp": null, "begin": null, "end": null, "layer": "Completed Pipeline", "path": "D:\\Jorhat TWSS\\Completed Pipeline.geojson", "description": null, "altitudeMode": null }, "geometry": { "type": "MultiLineString", "coordinates": [ [ [ 620726.780930545763113, 2961435.151172596029937, 92.774357083983375 ], [ 620712.299703418044373, 2961434.600176758598536, 92.98498045965249 ], [ 620660.423208570922725, 2961431.422185609582812, 93.879532050341368 ], [ 620646.48897851340007, 2961427.904658114537597, 93.981971061788499 ], [ 620641.566719008726068, 2961427.341756199486554, 94.281984144821763 ], [ 620632.571315167471766, 2961426.533623432740569, 93.554769075475633 ], [ 620617.336395779275335, 2961425.94634060561657, 93.59064844623208 ], [ 620580.019053473486565, 2961424.337741284165531, 93.179479858838022 ], [ 620578.543507400318049, 2961424.232890585437417, 93.099293714389205 ], [ 620576.538886756869033, 2961424.018015468958765, 92.971967246383429 ], [ 620574.000715981121175, 2961419.734086046926677, 93.2905388250947 ], [ 620573.899818519013934, 2961409.947032215539366, 93.23927239049226 ], [ 620575.917767762672156, 2961388.960360082797706, 0.0 ], [ 620580.256358636310324, 2961361.011763059068471, 94.220029052346945 ] ] ] } },
{ "type": "Feature", "properties": { "id": "12", "Name": "Digambar chuck Jonaki Path 110 mm hdpe pipe laying", "descriptio": null, "timestamp": null, "begin": null, "end": null, "layer": "Completed Pipeline", "path": "D:\\Jorhat TWSS\\Completed Pipeline.geojson", "description": null, "altitudeMode": null }, "geometry": null },
{ "type": "Feature", "properties": { "id": "13", "Name": "Kmz file Gojpuria road total pipe laid=180m(110 mm hdpe).", "descriptio": null, "timestamp": null, "begin": null, "end": null, "layer": "Completed Pipeline", "path": "D:\\Jorhat TWSS\\Completed Pipeline.geojson", "description": null, "altitudeMode": null }, "geometry": { "type": "MultiLineString", "coordinates": [ [ [ 620183.189615902374499, 2961205.776768419425935, 92.627607134903201 ], [ 620195.831397237489, 2961194.015766930766404, 90.974588132463396 ], [ 620200.787766564288177, 2961188.008675263728946, 90.84315743856132 ], [ 620208.177145084482618, 2961178.859128140844405, 89.971997852437198 ], [ 620211.034841520362534, 2961174.35279781697318, 89.67051880992949 ], [ 620221.561001699301414, 2961155.865689673926681, 13.51667825098259 ], [ 620222.980140760657378, 2961141.687081895768642, 90.877940505743027 ], [ 620224.016352345584892, 2961133.501010376028717, 90.704697619192302 ], [ 620226.192396673723124, 2961126.97287739161402, 90.929114759899676 ], [ 620232.150613286765292, 2961112.724968099966645, 90.990119223482907 ], [ 620240.181253069313243, 2961099.306028076447546, 0.0 ], [ 620250.160276259179227, 2961088.023376959841698, 90.938394274972325 ], [ 620264.998520526569337, 2961077.960069429595023, 90.939418990164995 ], [ 620270.516347215860151, 2961074.773718805983663, 91.140778143890202 ] ] ] } },
{ "type": "Feature", "properties": { "id": "14", "Name": "Gojupria Road 110 mm hdpe pipe laying , length=236 m.", "descriptio": null, "timestamp": null, "begin": null, "end": null, "layer": "Completed Pipeline", "path": "D:\\Jorhat TWSS\\Completed Pipeline.geojson", "description": null, "altitudeMode": null }, "geometry": { "type": "MultiLineString", "coordinates": [ [ [ 620062.626398005057126, 2961408.097080358769745, 94.287281137275315 ], [ 620068.7400463555241, 2961396.180647132918239, 92.382424783497896 ], [ 620072.470408061053604, 2961386.54387939395383, 91.158591381096329 ], [ 620075.68266397411935, 2961380.119367567822337, 91.060636513377005 ], [ 620078.117761198547669, 2961368.151123763527721, 0.0 ], [ 620082.884334488771856, 2961352.918813466094434, 0.0 ], [ 620089.82695210725069, 2961331.883718293625861, 0.0 ], [ 620096.562327408697456, 2961317.791240739636123, 0.0 ], [ 620105.162883562850766, 2961305.149459404405206, 0.0 ], [ 620112.910764897125773, 2961296.659483687020838, 0.0 ], [ 620123.059497461887076, 2961283.620662422385067, 0.0 ], [ 620132.00076361047104, 2961270.332750153262168, 90.776918008923531 ], [ 620141.948394824983552, 2961255.825787965673953, 91.225755272433162 ], [ 620154.590176160098054, 2961238.831917973700911, 91.334548194892704 ], [ 620169.511622981866822, 2961219.869245971553028, 91.453851533122361 ], [ 620176.298808863153681, 2961213.237491830252111, 91.60097461566329 ], [ 620177.904936819686554, 2961210.595152288675308, 91.44769227411598 ], [ 620183.189615902374499, 2961205.776768419425935, 92.627607134903201 ] ] ] } },
{ "type": "Feature", "properties": { "id": "15", "Name": "Ramdhenu path 110 mm hdpe laid = 163 m  monday 22 dec", "descriptio": null, "timestamp": null, "begin": null, "end": null, "layer": "Completed Pipeline", "path": "D:\\Jorhat TWSS\\Completed Pipeline.geojson", "description": null, "altitudeMode": null }, "geometry": { "type": "MultiLineString", "coordinates": [ [ [ 620426.675788873224519, 2961233.023464366327971, 91.230433211661875 ], [ 620478.058013231377117, 2961250.50298515195027, 91.602257463149726 ], [ 620484.352782715694048, 2961253.418438902124763, 92.044636685401201 ], [ 620488.494757503969595, 2961255.107736059464514, 92.05235580727458 ], [ 620492.449831132311374, 2961257.731218446511775, 92.550160818733275 ], [ 620490.975789378862828, 2961262.983957920223475, 92.88685190398246 ], [ 620490.202130626072176, 2961266.466624171938747, 93.148014940321445 ], [ 620487.983449253370054, 2961272.156455960124731, 93.247701068408787 ], [ 620484.658755409065634, 2961280.342232252005488, 93.481454828754067 ], [ 620477.957865519216284, 2961296.14219945250079, 0.0 ], [ 620464.612644698238, 2961321.809618529397994, 92.909535529091954 ], [ 620460.447261069319211, 2961328.559649713337421, 92.712502199225128 ], [ 620455.811886886018328, 2961342.792921632993966, 92.674644480459392 ], [ 620453.089160323375836, 2961350.823367217089981, 91.524032469590765 ] ] ] } },
{ "type": "Feature", "properties": { "id": "16", "Name": "Randhenu path , 110 mm hdpe pipe laid=100m, date 21 dec sunday.", "descriptio": null, "timestamp": null, "begin": null, "end": null, "layer": "Completed Pipeline", "path": "D:\\Jorhat TWSS\\Completed Pipeline.geojson", "description": null, "altitudeMode": null }, "geometry": { "type": "MultiLineString", "coordinates": [ [ [ 620339.388586491812021, 2961198.196468113455921, 92.635111787894644 ], [ 620343.476660817861557, 2961199.567927123047411, 92.517536306541857 ], [ 620349.546683588647284, 2961202.163896429818124, 92.622269091305725 ], [ 620419.741917208302766, 2961229.927453236654401, 91.434629989787936 ], [ 620422.634527536807582, 2961231.22410060884431, 91.149302853271365 ], [ 620426.675788873224519, 2961233.023464366327971, 91.230433211661875 ] ] ] } },
{ "type": "Feature", "properties": { "id": "17", "Name": "Ramdhenu path , 110 mm hdpe pipe laid=100m ( macharhat distribution zone)", "descriptio": null, "timestamp": null, "begin": "2025-12-23T17:07:09", "end": null, "layer": "Completed Pipeline", "path": "D:\\Jorhat TWSS\\Completed Pipeline.geojson", "description": null, "altitudeMode": null }, "geometry": { "type": "MultiLineString", "coordinates": [ [ [ 620431.901884316466749, 2961401.29119173809886, 91.915292625315487 ], [ 620338.227063756319694, 2961375.096972513012588, 93.45868109818548 ] ] ] } },
{ "type": "Feature", "properties": { "id": "18", "Name": "Ramdhenu path ,110 mm hdpe laid = 75 m .", "descriptio": null, "timestamp": null, "begin": "2025-12-27T12:01:26", "end": null, "layer": "Completed Pipeline", "path": "D:\\Jorhat TWSS\\Completed Pipeline.geojson", "description": null, "altitudeMode": null }, "geometry": { "type": "MultiLineString", "coordinates": [ [ [ 620227.723556662676856, 2961326.303057390730828, 89.933935856446624 ], [ 620286.245776776806451, 2961345.872567788697779, 90.200652626343071 ] ] ] } },
{ "type": "Feature", "properties": { "id": "19", "Name": "Ratha path , 110 mm hdpe ( manually) pipe laid=84 m.", "descriptio": null, "timestamp": null, "begin": "2025-12-25T17:57:11", "end": null, "layer": "Completed Pipeline", "path": "D:\\Jorhat TWSS\\Completed Pipeline.geojson", "description": null, "altitudeMode": null }, "geometry": { "type": "MultiLineString", "coordinates": [ [ [ 619980.779386934009381, 2961611.532737499568611, 91.748427196405828 ], [ 620065.85845967696514, 2961608.551611077971756, 33.968516680764154 ] ] ] } },
{ "type": "Feature", "properties": { "id": "20", "Name": "Ratna path , 110 mm hdpe laid  = 40  m.", "descriptio": null, "timestamp": null, "begin": "2025-12-28T16:44:02", "end": null, "layer": "Completed Pipeline", "path": "D:\\Jorhat TWSS\\Completed Pipeline.geojson", "description": null, "altitudeMode": null }, "geometry": { "type": "MultiLineString", "coordinates": [ [ [ 620019.274883674224839, 2961648.643486523069441, 92.313083664434927 ], [ 620014.969937914051116, 2961610.334649504628032, 68.528528609004056 ] ] ] } },
{ "type": "Feature", "properties": { "id": "21", "Name": "Ratna path ,110 mm hdpe laid = 17 m.", "descriptio": null, "timestamp": null, "begin": "2025-12-28T16:41:57", "end": null, "layer": "Completed Pipeline", "path": "D:\\Jorhat TWSS\\Completed Pipeline.geojson", "description": null, "altitudeMode": null }, "geometry": { "type": "MultiLineString", "coordinates": [ [ [ 619975.505985485506244, 2961606.211842673365027, 93.268042758107185 ], [ 619994.148609935538843, 2961605.815693608019501, 92.187811242416501 ] ] ] } },
{ "type": "Feature", "properties": { "id": "22", "Name": "Ratna path ,110 mm hdpe pipe laid= 70 m", "descriptio": null, "timestamp": null, "begin": "2025-12-27T17:45:36", "end": null, "layer": "Completed Pipeline", "path": "D:\\Jorhat TWSS\\Completed Pipeline.geojson", "description": null, "altitudeMode": null }, "geometry": { "type": "MultiLineString", "coordinates": [ [ [ 620065.902010788558982, 2961602.34236988145858, 34.065903052273455 ], [ 619994.148609935538843, 2961605.815693608019501, 92.187811242416501 ] ] ] } },
{ "type": "Feature", "properties": { "id": "23", "Name": "Bhogdoi path ,110 mm hdpe = 131 m laid by trencher", "descriptio": null, "timestamp": null, "begin": "2025-12-31T17:44:33", "end": null, "layer": "Completed Pipeline", "path": "D:\\Jorhat TWSS\\Completed Pipeline.geojson", "description": null, "altitudeMode": null }, "geometry": { "type": "MultiLineString", "coordinates": [ [ [ 620208.587213033926673, 2961416.224485720507801, 91.87728716339916 ], [ 620260.675744786858559, 2961436.9143584696576, 91.070833363570273 ], [ 620306.003784920438193, 2961456.526281367056072, 92.042130634188652 ], [ 620310.136941134231165, 2961456.595276788808405, 91.796632450073957 ], [ 620313.815810317057185, 2961455.815422907005996, 92.106988869373495 ], [ 620322.442601969698444, 2961457.703444614540786, 0.0 ], [ 620327.818677782313898, 2961459.621661648154259, 90.661737451329827 ], [ 620331.104309216258116, 2961460.943504731636494, 92.246218403801322 ] ] ] } },
{ "type": "Feature", "properties": { "id": "24", "Name": "Deuram  Borah path , 110 mm hdpe pipe laid = 70 m.", "descriptio": null, "timestamp": null, "begin": "2025-12-30T17:35:44", "end": null, "layer": "Completed Pipeline", "path": "D:\\Jorhat TWSS\\Completed Pipeline.geojson", "description": null, "altitudeMode": null }, "geometry": { "type": "MultiLineString", "coordinates": [ [ [ 620124.650252532563172, 2961701.282741015311331, 90.923969988711178 ], [ 620112.044908513780683, 2961693.614128540735692, 90.42173127643764 ], [ 620098.119480322930031, 2961685.838036793749779, 0.0 ], [ 620081.646674659452401, 2961679.295913115609437, 91.784794031642377 ], [ 620072.894751810003072, 2961676.459127660375088, 91.784794031642377 ], [ 620064.904969238792546, 2961674.590406583156437, 35.050592017905267 ] ] ] } },
{ "type": "Feature", "properties": { "id": "25", "Name": "Jai shreeram path ,110 mm hdpe pipe laid = 50 m.", "descriptio": null, "timestamp": null, "begin": "2025-12-31T17:54:48", "end": null, "layer": "Completed Pipeline", "path": "D:\\Jorhat TWSS\\Completed Pipeline.geojson", "description": null, "altitudeMode": null }, "geometry": { "type": "MultiLineString", "coordinates": [ [ [ 620437.436428236891516, 2961505.438527789432555, 90.51205475618562 ], [ 620438.320330896181986, 2961502.12354354467243, 90.010809129104018 ], [ 620439.297597940079868, 2961497.954859307501465, 90.010809129104018 ], [ 620444.571868605329655, 2961472.177507176995277, 0.0 ], [ 620446.011514774523675, 2961458.837846761103719, 90.63374059740454 ], [ 620446.181296251830645, 2961457.71290849102661, 90.439470435492694 ], [ 620446.181296251830645, 2961457.71290849102661, 90.439470435492694 ] ] ] } },
{ "type": "Feature", "properties": { "id": null, "Name": "Bhogdoi path ,110 mm hdpe pipe laid = 60 m by trencher", "descriptio": null, "timestamp": null, "begin": "2026-01-02T17:27:46", "end": null, "layer": "Completed Pipeline", "path": "D:\\Jorhat TWSS\\Completed Pipeline.geojson", "description": null, "altitudeMode": null }, "geometry": { "type": "MultiLineString", "coordinates": [ [ [ 620220.265922047896311, 2961386.669211290311068, 91.291951811872423 ], [ 620237.938523273100145, 2961393.609710385091603, 90.441306811757386 ], [ 620237.938523273100145, 2961393.609710385091603, 90.441306811757386 ], [ 620237.938523273100145, 2961393.609710385091603, 90.441306811757386 ], [ 620237.938523273100145, 2961393.609710385091603, 90.441306811757386 ], [ 620237.938523273100145, 2961393.609710385091603, 90.441306811757386 ], [ 620267.917671152856201, 2961404.270455698948354, 91.626574617396855 ] ] ] } },
{ "type": "Feature", "properties": { "id": null, "Name": "Gajouria branch road ,110 mm hdpe pipe laid", "descriptio": null, "timestamp": null, "begin": "2026-01-02T17:23:25", "end": null, "layer": "Completed Pipeline", "path": "D:\\Jorhat TWSS\\Completed Pipeline.geojson", "description": null, "altitudeMode": null }, "geometry": { "type": "MultiLineString", "coordinates": [ [ [ 620110.751946135074832, 2961675.841257745865732, 90.718114267103374 ], [ 620099.850788426818326, 2961669.282469912432134, 90.518181467428803 ], [ 620076.646249404875562, 2961660.281099025625736, 90.386573675088584 ], [ 620067.372124640736729, 2961658.528843848034739, 35.271788646113819 ] ] ] } },
{ "type": "Feature", "properties": { "id": null, "Name": "Gajpuria branch road, 110 mm hdpe pipe laid = 38m .", "descriptio": null, "timestamp": null, "begin": "2026-01-04T18:40:15", "end": null, "layer": "Completed Pipeline", "path": "D:\\Jorhat TWSS\\Completed Pipeline.geojson", "description": null, "altitudeMode": null }, "geometry": { "type": "MultiLineString", "coordinates": [ [ [ 620066.214594751829281, 2961622.144714826252311, 34.180817061088746 ], [ 620071.513531305012293, 2961623.508810244966298, 91.204156070016325 ], [ 620101.578672074829228, 2961631.650384958367795, 90.954427939839661 ] ] ] } },
{ "type": "Feature", "properties": { "id": null, "Name": "Gajpuria branch road, 110 mm hdpe pipe laid = 45 m", "descriptio": null, "timestamp": null, "begin": "2026-01-04T18:38:41", "end": null, "layer": "Completed Pipeline", "path": "D:\\Jorhat TWSS\\Completed Pipeline.geojson", "description": null, "altitudeMode": null }, "geometry": { "type": "MultiLineString", "coordinates": [ [ [ 620106.973019749158993, 2961638.729704515077174, 89.623056473210454 ], [ 620082.467204165644944, 2961631.218560239300132, 89.694637325592339 ], [ 620070.596231327275746, 2961629.10330956382677, 89.694637325592339 ], [ 620066.495736393611878, 2961628.31506526703015, 34.389789818477048 ] ] ] } },
{ "type": "Feature", "properties": { "id": null, "Name": "Milan nagar branch Road, 110 mm hdpe pipe laid = 30 m", "descriptio": null, "timestamp": null, "begin": "2026-01-04T18:26:13", "end": null, "layer": "Completed Pipeline", "path": "D:\\Jorhat TWSS\\Completed Pipeline.geojson", "description": null, "altitudeMode": null }, "geometry": { "type": "MultiLineString", "coordinates": [ [ [ 620308.597646552254446, 2961817.253657515626401, 90.833568269386888 ], [ 620307.782902258681133, 2961819.325449177529663, 90.704028223641217 ], [ 620302.865497426479124, 2961834.798220779746771, 88.986280576325953 ], [ 620295.8707106806105, 2961848.970735442824662, 92.957163474443334 ] ] ] } },
{ "type": "Feature", "properties": { "id": null, "Name": "Milan nagar path , 250 mm DI laid", "descriptio": null, "timestamp": null, "begin": "2026-01-03T16:57:15", "end": null, "layer": "Completed Pipeline", "path": "D:\\Jorhat TWSS\\Completed Pipeline.geojson", "description": null, "altitudeMode": null }, "geometry": { "type": "MultiLineString", "coordinates": [ [ [ 619956.003416625550017, 2961674.978655285201967, 92.152109325863421 ], [ 619976.036309066461399, 2961689.017257353756577, 91.802920670248568 ], [ 620024.858398765674792, 2961718.917330930009484, 91.802920670248568 ], [ 620044.639513213653117, 2961730.069603686686605, 31.78 ] ] ] } },
{ "type": "Feature", "properties": { "id": null, "Name": "Milan nagar path , DI pipe laid = 30 m", "descriptio": null, "timestamp": null, "begin": "2026-01-04T18:31:21", "end": null, "layer": "Completed Pipeline", "path": "D:\\Jorhat TWSS\\Completed Pipeline.geojson", "description": null, "altitudeMode": null }, "geometry": { "type": "MultiLineString", "coordinates": [ [ [ 620456.429750777431764, 2961916.496839037165046, 90.921380163427983 ], [ 620462.992241821018979, 2961918.522626610472798, 90.002862541936338 ], [ 620466.543993035447784, 2961919.422944872640073, 90.002862541936338 ], [ 620476.368443838320673, 2961922.250774504616857, 90.002862541936338 ], [ 620496.917065166053362, 2961929.51042014034465, 34.43 ] ] ] } },
{ "type": "Feature", "properties": { "id": null, "Name": "Milan nagar path DI pipe laid", "descriptio": null, "timestamp": null, "begin": "2026-01-03T16:48:14", "end": null, "layer": "Completed Pipeline", "path": "D:\\Jorhat TWSS\\Completed Pipeline.geojson", "description": null, "altitudeMode": null }, "geometry": { "type": "MultiLineString", "coordinates": [ [ [ 620459.473682438954711, 2961905.068332172930241, 91.362336509548626 ], [ 620457.607791843824089, 2961912.251944168936461, 90.909377371168063 ], [ 620456.429750777431764, 2961916.496839037165046, 90.921380163427983 ], [ 620455.14185332856141, 2961916.027892366982996, 90.957363889011575 ], [ 620432.215870655723847, 2961907.119269070215523, 92.323207177221775 ], [ 620411.070800614543259, 2961900.280091626103967, 92.299882070161402 ], [ 620392.576037115999497, 2961893.784566503483802, 92.714958058894979 ], [ 620381.785471923649311, 2961888.770320993848145, 93.078999886289239 ], [ 620332.314633272122592, 2961863.273882844019681, 92.886519065712207 ], [ 620319.681303771445528, 2961856.538513575680554, 92.784239220432937 ] ] ] } },
{ "type": "Feature", "properties": { "id": null, "Name": "Bhogdoi path , 110 mm hdpe pipe laid = 30 m", "descriptio": null, "timestamp": null, "begin": "2026-01-03T17:33:12", "end": null, "layer": "Completed Pipeline", "path": "D:\\Jorhat TWSS\\Completed Pipeline.geojson", "description": null, "altitudeMode": null }, "geometry": { "type": "MultiLineString", "coordinates": [ [ [ 620314.844687906443141, 2961510.11585417157039, 90.518894228152931 ], [ 620337.093291969504207, 2961516.438299210742116, 90.594000761397183 ], [ 620344.110494392225519, 2961518.745646273717284, 90.299618815071881 ] ] ] } },
{ "type": "Feature", "properties": { "id": null, "Name": "Bhogdoi path ,110 mm hdpe pipe laid = 47 m .", "descriptio": null, "timestamp": null, "begin": "2026-01-03T17:36:58", "end": null, "layer": "Completed Pipeline", "path": "D:\\Jorhat TWSS\\Completed Pipeline.geojson", "description": null, "altitudeMode": null }, "geometry": { "type": "MultiLineString", "coordinates": [ [ [ 620333.812023025122471, 2961461.777160450816154, 91.768088228069246 ], [ 620314.844687906443141, 2961510.11585417157039, 90.518894228152931 ] ] ] } },
{ "type": "Feature", "properties": { "id": null, "Name": "Gajpuria branch road ,110 mm hdpe pipe kaid = 31 m by trencher machine .", "descriptio": null, "timestamp": null, "begin": "2026-01-07T15:43:40", "end": null, "layer": "Completed Pipeline", "path": "D:\\Jorhat TWSS\\Completed Pipeline.geojson", "description": null, "altitudeMode": null }, "geometry": { "type": "MultiLineString", "coordinates": [ [ [ 620059.082529857987538, 2961447.270620855968446, 39.893817842095714 ], [ 620084.675676087848842, 2961452.013384565711021, 92.571933631785214 ] ] ] } },
{ "type": "Feature", "properties": { "id": null, "Name": "Near ambedkar path bylane, 110 mm hdpe pipe laid = 30 m  manually", "descriptio": null, "timestamp": null, "begin": "2026-01-07T13:00:11", "end": null, "layer": "Completed Pipeline", "path": "D:\\Jorhat TWSS\\Completed Pipeline.geojson", "description": null, "altitudeMode": null }, "geometry": { "type": "MultiLineString", "coordinates": [ [ [ 620161.245287372730672, 2961747.867798494640738, 91.968852466903627 ], [ 620157.964018428232521, 2961753.870119735132903, 91.968852466903627 ], [ 620150.281047240947373, 2961766.835133613552898, 0.0 ], [ 620146.444651146885008, 2961772.06723459251225, 92.089520876233266 ] ] ] } },
{ "type": "Feature", "properties": { "id": null, "Name": "Near triveni path , 110 mm hdpe piie laid = 93 m.", "descriptio": null, "timestamp": null, "begin": "2026-01-06T17:06:39", "end": null, "layer": "Completed Pipeline", "path": "D:\\Jorhat TWSS\\Completed Pipeline.geojson", "description": null, "altitudeMode": null }, "geometry": { "type": "MultiLineString", "coordinates": [ [ [ 620298.285919926129282, 2961850.250722633674741, 92.881103388886103 ], [ 620314.464540894841775, 2961805.710167510434985, 91.740335037000477 ], [ 620302.980099588632584, 2961801.708620017860085, 90.779476220719516 ], [ 620308.742327979183756, 2961783.701656297314912, 91.71346278488636 ], [ 620283.132424021488987, 2961776.658932709135115, 89.381169723346829 ] ] ] } },
{ "type": "Feature", "properties": { "id": null, "Name": "Triveni path , 110 mm hdpe pipe laid =. 78 m  by trencher", "descriptio": null, "timestamp": null, "begin": "2026-01-06T16:58:48", "end": null, "layer": "Completed Pipeline", "path": "D:\\Jorhat TWSS\\Completed Pipeline.geojson", "description": null, "altitudeMode": null }, "geometry": { "type": "MultiLineString", "coordinates": [ [ [ 620392.454701540875249, 2961584.224513750523329, 90.628502818428927 ], [ 620416.864141250378452, 2961589.426525491755456, 89.544516400434077 ], [ 620436.239036466227844, 2961594.109381515532732, 90.971927433274686 ], [ 620454.598734113038518, 2961598.389991877600551, 90.441414969973266 ], [ 620470.320879436098039, 2961600.676040108781308, 89.65052364487201 ] ] ] } },
{ "type": "Feature", "properties": { "id": null, "Name": "Triveni path branch road , 110 mm hdpe pipe laid = 69 m.", "descriptio": null, "timestamp": null, "begin": "2026-01-08T18:39:06", "end": null, "layer": "Completed Pipeline", "path": "D:\\Jorhat TWSS\\Completed Pipeline.geojson", "description": null, "altitudeMode": null }, "geometry": { "type": "MultiLineString", "coordinates": [ [ [ 620459.680993376066908, 2961595.215288398321718, 95.662689352097487 ], [ 620393.014918189845048, 2961580.1429353072308, 90.798203865997493 ] ] ] } },
{ "type": "Feature", "properties": { "id": null, "Name": "Triveni path branch road ,110 mm hdpe pipe laid manually.", "descriptio": null, "timestamp": null, "begin": "2026-01-09T16:19:06", "end": null, "layer": "Completed Pipeline", "path": "D:\\Jorhat TWSS\\Completed Pipeline.geojson", "description": null, "altitudeMode": null }, "geometry": { "type": "MultiLineString", "coordinates": [ [ [ 620360.415752069093287, 2961674.840367462020367, 92.915301833301783 ], [ 620349.104582486092113, 2961669.508800548966974, 92.276538418121447 ], [ 620339.009543808060698, 2961664.750462005380541, 91.706452244892716 ] ] ] } },
{ "type": "Feature", "properties": { "id": null, "Name": "Ramdhenu path  branch road,Total HDPE pipe laid = 57 m", "descriptio": null, "timestamp": null, "begin": "2026-01-31T16:14:55", "end": null, "layer": "Completed Pipeline", "path": "D:\\Jorhat TWSS\\Completed Pipeline.geojson", "description": null, "altitudeMode": null }, "geometry": { "type": "MultiLineString", "coordinates": [ [ [ 620453.089160323375836, 2961350.823367217089981, 91.524032469590765 ], [ 620395.939206331851892, 2961331.090809812769294, 89.47878136113286 ] ] ] } },
{ "type": "Feature", "properties": { "id": null, "Name": "Ramdhenu path branch road, 110 mm hdpe pipe laid = 29 m manually.", "descriptio": null, "timestamp": null, "begin": "2026-02-01T17:16:40", "end": null, "layer": "Completed Pipeline", "path": "D:\\Jorhat TWSS\\Completed Pipeline.geojson", "description": null, "altitudeMode": null }, "geometry": { "type": "MultiLineString", "coordinates": [ [ [ 620320.63902265264187, 2961214.370871205348521, 90.063352506607771 ], [ 620292.715592363616452, 2961204.504592502955347, 90.833368822932243 ] ] ] } },
{ "type": "Feature", "properties": { "id": null, "Name": "Digambar chuck branch road,110 mm hdpe pipe laid = 76 m by hdd method.", "descriptio": null, "timestamp": null, "begin": "2026-02-08T16:21:51", "end": null, "layer": "Completed Pipeline", "path": "D:\\Jorhat TWSS\\Completed Pipeline.geojson", "description": null, "altitudeMode": null }, "geometry": { "type": "MultiLineString", "coordinates": [ [ [ 620448.82245567557402, 2961841.69981803605333, 90.190594696439803 ], [ 620483.950028402847238, 2961850.818479982670397, 0.0 ], [ 620522.704341675736941, 2961863.460261317435652, 90.666927633807063 ], [ 620529.62757962255273, 2961865.69002628698945, 36.663776074955955 ] ] ] } },
{ "type": "Feature", "properties": { "id": null, "Name": "Digambar chuck branch road,110 mm hdpe pipe laid = 93 m.", "descriptio": null, "timestamp": null, "begin": "2026-02-10T10:21:31", "end": null, "layer": "Completed Pipeline", "path": "D:\\Jorhat TWSS\\Completed Pipeline.geojson", "description": null, "altitudeMode": null }, "geometry": { "type": "MultiLineString", "coordinates": [ [ [ 620567.169686020584777, 2961797.033006408717483, 32.8 ], [ 620551.770076631102711, 2961793.878653395920992, 89.820796107873321 ], [ 620529.465622267220169, 2961789.137985394336283, 0.0 ], [ 620505.736376973800361, 2961784.267790945712477, 0.0 ], [ 620483.535543769015931, 2961780.66695568850264, 0.0 ], [ 620461.471359941642731, 2961776.284683427773416, 89.655447841621935 ] ] ] } },
{ "type": "Feature", "properties": { "id": null, "Name": "Gojpuria road ,110 mm hdpe pipe laid right side  by hdd machine .", "descriptio": null, "timestamp": null, "begin": "2026-02-06T17:30:57", "end": null, "layer": "Completed Pipeline", "path": "D:\\Jorhat TWSS\\Completed Pipeline.geojson", "description": null, "altitudeMode": null }, "geometry": { "type": "MultiLineString", "coordinates": [ [ [ 620058.274309348664246, 2961409.029670786112547, 0.0 ], [ 620058.647184818750247, 2961419.948969943448901, 86.536212138281968 ], [ 620056.435033785528503, 2961427.033847069367766, 0.0 ], [ 620055.08795872493647, 2961439.053901453968138, 0.0 ], [ 620050.510743770049885, 2961470.436345223337412, 92.216809855774045 ], [ 620052.341998024610803, 2961475.94303387356922, 0.0 ], [ 620063.740325458464213, 2961481.020470640622079, 0.0 ], [ 620071.201048868591897, 2961495.527432827744633, 90.386237300001085 ], [ 620073.584335513878614, 2961507.23662373656407, 0.0 ], [ 620074.309683623723686, 2961527.649991957470775, 91.60681395418942 ], [ 620070.372079601278529, 2961546.716285118833184, 0.0 ], [ 620062.859545611427166, 2961589.408202415797859, 89.93023750372231 ], [ 620064.828347622300498, 2961663.808194207027555, 89.969455057755113 ], [ 620053.637262505944818, 2961704.324067173991352, 0.0 ], [ 620047.523614155128598, 2961718.83102936251089, 0.0 ], [ 620043.896873608231544, 2961724.633814237546176, 0.0 ], [ 620040.995481170597486, 2961728.882281735539436, 90.905032724142075 ] ] ] } },
{ "type": "Feature", "properties": { "id": null, "Name": "NN sharmah path, 110 mm hdpe pipe laid = 53 m manually.", "descriptio": null, "timestamp": null, "begin": "2026-02-03T17:42:55", "end": null, "layer": "Completed Pipeline", "path": "D:\\Jorhat TWSS\\Completed Pipeline.geojson", "description": null, "altitudeMode": null }, "geometry": { "type": "MultiLineString", "coordinates": [ [ [ 620274.92024645046331, 2961265.799324468243867, 91.72958058770746 ], [ 620283.158128548646346, 2961248.18372752610594, 90.000644722022116 ], [ 620294.556455981684849, 2961252.121331548318267, 0.0 ], [ 620306.107983505004086, 2961255.829954838380218, 90.160787685774267 ], [ 620309.685145121649839, 2961246.52578899031505, 91.65875706449151 ] ] ] } },
{ "type": "Feature", "properties": { "id": null, "Name": "Rajamaidam Gajpuria Road ,250 mm DI pipe laid by manually , JCB is also used.", "descriptio": null, "timestamp": null, "begin": "2026-02-07T16:45:58", "end": null, "layer": "Completed Pipeline", "path": "D:\\Jorhat TWSS\\Completed Pipeline.geojson", "description": null, "altitudeMode": null }, "geometry": { "type": "MultiLineString", "coordinates": [ [ [ 620058.274309348664246, 2961409.029670786112547, 0.0 ], [ 620060.16539549047593, 2961400.92131513170898, 0.0 ], [ 620066.279043841641396, 2961388.90126074757427, 0.0 ], [ 620088.169547342229635, 2961321.703810388222337, 86.753414303995669 ], [ 620148.569839374977164, 2961239.327202486805618, 87.190045634284616 ] ] ] } },
{ "type": "Feature", "properties": { "id": null, "Name": "Shankarjyoti path,110 mm hdpe pipe laid= 129 m by hdd machine .", "descriptio": null, "timestamp": null, "begin": "2026-02-05T17:50:13", "end": null, "layer": "Completed Pipeline", "path": "D:\\Jorhat TWSS\\Completed Pipeline.geojson", "description": null, "altitudeMode": null }, "geometry": { "type": "MultiLineString", "coordinates": [ [ [ 620071.658375086844899, 2961540.487906977999955, 29.925160216208731 ], [ 620063.010847301338799, 2961539.506693861447275, 0.0 ], [ 620045.59705241501797, 2961537.683259842451662, 0.0 ], [ 620016.239764700643718, 2961535.403967317659408, 91.738449251979787 ], [ 619962.448461124789901, 2961533.534947448410094, 91.538505815900862 ] ] ] } },
{ "type": "Feature", "properties": { "id": null, "Name": "Digambar chuck branch road,110 mm hdpe pipe laid = 93 m.", "descriptio": null, "timestamp": null, "begin": "2026-02-10T10:21:31", "end": "2026-02-10T10:22:28", "layer": "newfile", "path": "C:\\Users\\ACER\\Downloads\\newfile.geojson", "description": null, "altitudeMode": null }, "geometry": { "type": "MultiLineString", "coordinates": [ [ [ 620568.314349044347182, 2961795.092651312239468, 32.998534870414225 ], [ 620540.455005251918919, 2961788.265399626456201, 90.304086203335189 ], [ 620522.276894513750449, 2961784.701587212271988, 90.948789526708424 ], [ 620515.295126954792067, 2961783.717284129932523, 90.716979699209332 ], [ 620505.045443029492162, 2961781.875264481175691, 90.50148385297507 ], [ 620463.152046430739574, 2961774.308013299945742, 89.655447841621935 ] ] ] } },
{ "type": "Feature", "properties": { "id": null, "Name": "Digambar chuck branch road,110 mm hdpe pipe laid = 96 m  by hdd machine .", "descriptio": null, "timestamp": null, "begin": "2026-02-14T09:54:33", "end": "2026-02-14T09:55:29", "layer": "newfile", "path": "C:\\Users\\ACER\\Downloads\\newfile.geojson", "description": null, "altitudeMode": null }, "geometry": { "type": "MultiLineString", "coordinates": [ [ [ 620680.22783902217634, 2961525.292326195631176, 36.794409883810708 ], [ 620667.347905565053225, 2961523.738087341655046, 92.905876416234804 ], [ 620658.508398934151046, 2961522.37739232275635, 92.802418655715883 ], [ 620637.926127075101249, 2961524.641444876790047, 91.211960046552122 ], [ 620625.209744915831834, 2961524.26962337596342, 91.093100571073592 ], [ 620597.478440334904008, 2961528.145895534660667, 89.979585736989975 ], [ 620570.969928300357424, 2961530.722232894040644, 90.36003231909126 ] ] ] } },
{ "type": "Feature", "properties": { "id": null, "Name": "Gojpuria bylane 3,110 mm hdpe pipe laid = 75 m manually.", "descriptio": null, "timestamp": null, "begin": "2026-02-11T10:38:46", "end": "2026-02-11T10:39:34", "layer": "newfile", "path": "C:\\Users\\ACER\\Downloads\\newfile.geojson", "description": null, "altitudeMode": null }, "geometry": { "type": "MultiLineString", "coordinates": [ [ [ 620157.41284800611902, 2961235.244772502686828, 91.35711666147553 ], [ 620192.216480873757973, 2961254.480803036596626, 91.400364340282977 ], [ 620199.720238158828579, 2961252.911756933666766, 90.871679001069452 ], [ 620221.335198737098835, 2961262.93028868176043, 90.114924273453653 ] ] ] } },
{ "type": "Feature", "properties": { "id": null, "Name": "Prafulla chandra thakur path,110 mm hdpe laid= 93 m by hhd machine", "descriptio": null, "timestamp": null, "begin": "2026-02-18T14:03:27", "end": "2026-02-18T14:04:27", "layer": "newfile", "path": "C:\\Users\\ACER\\Downloads\\newfile.geojson", "description": null, "altitudeMode": null }, "geometry": { "type": "MultiLineString", "coordinates": [ [ [ 620625.025478613330051, 2961661.241134430281818, 31.295112271621214 ], [ 620609.026767992647365, 2961658.839054020121694, 91.378738001376149 ], [ 620566.391421868698671, 2961655.892975605092943, 90.083375721238554 ], [ 620563.030644850456156, 2961655.10101427976042, 90.235582627356052 ], [ 620517.421273644082248, 2961644.435686136130244, 89.827680136077106 ] ] ] } },
{ "type": "Feature", "properties": { "id": null, "Name": "Prafulla chandra thakur path,110 mm hdpe pipe laid = 96 m by hdd method.", "descriptio": null, "timestamp": null, "begin": "2026-02-18T14:06:17", "end": "2026-02-18T14:07:15", "layer": "newfile", "path": "C:\\Users\\ACER\\Downloads\\newfile.geojson", "description": null, "altitudeMode": null }, "geometry": { "type": "MultiLineString", "coordinates": [ [ [ 620628.107416155282408, 2961652.541184330824763, 31.073983274017813 ], [ 620618.918897548690438, 2961655.009842577856034, 91.262388950066509 ], [ 620604.064153666142374, 2961654.443258143495768, 91.108124211005929 ], [ 620572.137239538831636, 2961653.815020202193409, 89.758832191297046 ], [ 620566.388075758004561, 2961653.222314789425582, 89.648814316093521 ], [ 620558.182995098643005, 2961650.402184908743948, 89.152576396100457 ], [ 620514.831077886512503, 2961641.113385119009763, 88.963956237770617 ] ] ] } },
{ "type": "Feature", "properties": { "id": null, "Name": "Prafulla chandra thakur path,110 mm hdpe pipe laid= 60 m by hdd machine.", "descriptio": null, "timestamp": null, "begin": "2026-02-18T14:09:38", "end": "2026-02-18T14:10:17", "layer": "newfile", "path": "C:\\Users\\ACER\\Downloads\\newfile.geojson", "description": null, "altitudeMode": null }, "geometry": { "type": "MultiLineString", "coordinates": [ [ [ 620498.936939064180478, 2961658.839054020121694, 91.278505620922587 ], [ 620496.839989941800013, 2961658.930225721094757, 91.695499742234773 ], [ 620491.096172780264169, 2961659.112569123040885, 89.965354925977664 ], [ 620474.320579800754786, 2961657.197963402606547, 0.0 ], [ 620454.299125878838822, 2961654.751445505302399, 89.564652634784579 ], [ 620452.836058031651191, 2961651.913520309142768, 89.16440016310662 ], [ 620443.352653505397029, 2961648.516822920180857, 88.591373575851321 ] ] ] } },
{ "type": "Feature", "properties": { "id": null, "Name": "10-03-2026 10:11:56", "descriptio": null, "timestamp": null, "begin": "2026-03-10T10:11:56+05:30", "end": "2026-03-10T10:12:30+05:30", "layer": "10_03_2026_10_11_56", "path": "D:\\Jorhat TWSS\\Data Pipeline\\10 March 2026\\10_03_2026_10_11_56.kmz|layername=10_03_2026_10_11_56|geometrytype=LineString25D", "description": null, "altitudeMode": null }, "geometry": { "type": "MultiLineString", "coordinates": [ [ [ 620381.891249008011073, 2961293.029364845715463, 91.582410093396902 ], [ 620379.226209732703865, 2961293.135176407638937, 91.469667358323932 ], [ 620371.33289475296624, 2961290.037756423000246, 90.720443869009614 ], [ 620369.99346954934299, 2961291.401879015844315, 89.711148225702345 ], [ 620365.855208407505415, 2961290.376300286967307, 89.334751831367612 ], [ 620361.998233599588275, 2961288.045639393851161, 90.107333258725703 ], [ 620363.590758902486414, 2961285.16210363805294, 90.555683911778033 ], [ 620362.130836131400429, 2961284.246175626758486, 90.416824578307569 ], [ 620351.888381843338721, 2961281.422401327174157, 91.439138595946133 ], [ 620349.046817251481116, 2961280.971851291600615, 90.895147470757365 ], [ 620344.788595681660809, 2961279.80902298912406, 92.068083212710917 ], [ 620341.270022132550366, 2961278.179062665905803, 91.1272695036605 ], [ 620333.673141769715585, 2961273.016534341499209, 90.335497066378593 ], [ 620332.070052396971732, 2961272.532484069466591, 90.343667712062597 ] ] ] } },
{ "type": "Feature", "properties": { "id": null, "Name": "10 Mar 2026 at 8:59:30 AM", "descriptio": null, "timestamp": null, "begin": "2026-03-10T03:29:30.897Z", "end": "2026-03-10T03:31:35.271Z", "layer": "10_Mar_2026_at_8_59_30 AM — 10 Mar 2026 at 8:59:30 AM", "path": "D:\\Jorhat TWSS\\Data Pipeline\\10 March 2026\\10_Mar_2026_at_8_59_30 AM.kml|layername=10 Mar 2026 at 8:59:30 AM|geometrytype=LineString25D|uniqueGeometryType=yes", "description": null, "altitudeMode": null }, "geometry": { "type": "MultiLineString", "coordinates": [ [ [ 620169.265395527589135, 2961783.768160624429584, 92.329174801092748 ], [ 620200.121689112856984, 2961743.446392505895346, 91.35 ], [ 620213.97368879977148, 2961727.319813784677535, 90.72 ], [ 620219.552729766000994, 2961718.154819262679666, 90.5 ], [ 620226.470310694654472, 2961709.849620696622878, 91.12 ], [ 620245.20609524496831, 2961683.865685917437077, 91.46 ], [ 620265.052920834743418, 2961654.788898828439415, 91.72 ], [ 620275.267253661295399, 2961635.541575393639505, 91.77 ], [ 620275.656085992814042, 2961623.253744162153453, 91.21 ] ] ] } },
{ "type": "Feature", "properties": { "id": null, "Name": "10 Mar 2026 at 9:02:41 AM", "descriptio": null, "timestamp": null, "begin": "2026-03-10T03:32:41.856Z", "end": "2026-03-10T03:34:30.200Z", "layer": "10_Mar_2026_at_9_02_41 AM — 10 Mar 2026 at 9:02:41 AM", "path": "D:\\Jorhat TWSS\\Data Pipeline\\10 March 2026\\10_Mar_2026_at_9_02_41 AM.kml|layername=10 Mar 2026 at 9:02:41 AM|geometrytype=LineString25D|uniqueGeometryType=yes", "description": null, "altitudeMode": null }, "geometry": { "type": "MultiLineString", "coordinates": [ [ [ 620273.415907229646109, 2961628.464594477321953, 91.4 ], [ 620269.61753144976683, 2961639.217369367368519, 91.05 ], [ 620264.029793529422022, 2961649.603060276247561, 90.66 ], [ 620244.99509372911416, 2961676.61862166877836, 92.18 ], [ 620225.168377441703342, 2961701.927867187187076, 92.53 ], [ 620199.112425141152926, 2961734.400239670649171, 91.29 ], [ 620186.84765114041511, 2961751.883884924929589, 91.93 ], [ 620180.399800677085295, 2961760.396999209653586, 91.71 ], [ 620166.005695370258763, 2961782.096808025613427, 92.294942791674529 ] ] ] } },
{ "type": "Feature", "properties": { "id": null, "Name": "Hindi lp school path,110 mm hdpe pipe laid= 369 m by hdd machine.", "descriptio": null, "timestamp": null, "begin": "2026-02-28T11:26:12+05:30", "end": "2026-02-28T11:30:06+05:30", "layer": "Hindi_lp_school_path,110_mm_hdpe_pipe_laid=_369_m_by_hdd_machine.", "path": "D:\\Jorhat TWSS\\Data Pipeline\\6 March 2026\\Hindi_lp_school_path,110_mm_hdpe_pipe_laid=_369_m_by_hdd_machine..kmz|layername=Hindi_lp_school_path,110_mm_hdpe_pipe_laid=_369_m_by_hdd_machine.|geometrytype=LineString25D", "description": null, "altitudeMode": null }, "geometry": { "type": "MultiLineString", "coordinates": [ [ [ 620725.088343330076896, 2961432.34575584391132, 81.466162000660006 ], [ 620716.153516634367406, 2961432.11782659124583, 92.220135181052314 ], [ 620712.005204239976592, 2961431.889897339046001, 92.282014478439891 ], [ 620708.586265453370288, 2961431.114937880542129, 91.767638329255234 ], [ 620700.893653177889064, 2961430.032273905351758, 91.372059508226812 ], [ 620696.743558118236251, 2961429.392350351437926, 91.94732010178268 ], [ 620687.572027069632895, 2961428.581400552764535, 91.878634438849986 ], [ 620681.160653271013871, 2961428.164141963701695, 91.786500251851976 ], [ 620669.137325335177593, 2961426.558947998099029, 91.882626391015947 ], [ 620651.790825026575476, 2961424.081603950355202, 93.104956919327378 ], [ 620645.657996303751133, 2961423.394081107340753, 93.576164309866726 ], [ 620637.424198679742403, 2961422.889525121543556, 93.847925049252808 ], [ 620623.743164835148491, 2961422.306971332989633, 93.463024726137519 ], [ 620615.267778012203053, 2961421.651137828826904, 92.793835609219968 ], [ 620593.737803042982705, 2961420.29420179547742, 93.523525346070528 ], [ 620585.158816091017798, 2961420.42460598424077, 93.378800204023719 ], [ 620578.927033389452845, 2961419.060533500742167, 93.595054311677814 ], [ 620578.59821278648451, 2961416.026021368335932, 93.488669544458389 ], [ 620578.415869384538382, 2961408.549941888079047, 93.242693962757428 ], [ 620578.507041085511446, 2961402.167922819964588, 93.675174319185317 ], [ 620591.362250922713429, 2961320.432492892723531, 93.699958089739084 ], [ 620597.744269990711473, 2961289.206185307353735, 93.554625778459013 ], [ 620603.305743750068359, 2961262.492876919917762, 92.856467077508569 ], [ 620606.223238181322813, 2961250.914070896338671, 93.238782037980855 ], [ 620608.046672200784087, 2961244.44088012771681, 93.340567966923118 ], [ 620610.599479828146286, 2961236.964800647459924, 92.33901259675622 ], [ 620615.340408278862014, 2961217.545228339266032, 93.984646428376436 ], [ 620617.802044205367565, 2961206.604624222032726, 95.016370284371078 ], [ 620620.104129654937424, 2961198.604307461995631, 95.713282157666981 ], [ 620620.970260814181529, 2961196.165464460849762, 96.056021153926849 ], [ 620621.334947618073784, 2961194.455995067488402, 97.034508892334998 ] ] ] } },
{ "type": "Feature", "properties": { "id": null, "Name": "Mukul borthakur path branch road,110 mm hdpe pipe laid= 40 m by hdd machine .", "descriptio": null, "timestamp": null, "begin": "2026-03-02T15:19:38+05:30", "end": "2026-03-02T15:20:07+05:30", "layer": "Mukul_borthakur_path_branch_road,110_mm_hdpe_pipe_laid=_40_m_by_hdd_machine_.", "path": "D:\\Jorhat TWSS\\Data Pipeline\\6 March 2026\\Mukul_borthakur_path_branch_road,110_mm_hdpe_pipe_laid=_40_m_by_hdd_machine_..kmz|layername=Mukul_borthakur_path_branch_road,110_mm_hdpe_pipe_laid=_40_m_by_hdd_machine_.|geometrytype=LineString25D", "description": null, "altitudeMode": null }, "geometry": { "type": "MultiLineString", "coordinates": [ [ [ 620647.241978549747728, 2961304.671275700908154, 91.801509020360641 ], [ 620646.2704078349052, 2961311.497666195500642, 92.436919939464559 ], [ 620643.991115310462192, 2961322.757371265441179, 92.575378968380392 ], [ 620642.258852991857566, 2961331.053996054455638, 92.574147311039269 ], [ 620639.797217065468431, 2961339.624135946854949, 92.57737286016345 ], [ 620638.885500055737793, 2961345.550296510569751, 92.3781623467803 ], [ 620641.778285495820455, 2961349.767741369549185, 92.386906619183719 ], [ 620642.42859097069595, 2961353.649550161790103, 92.462219344452024 ], [ 620641.504838409135118, 2961354.777569148689508, 92.785247928462923 ], [ 620635.9003487797454, 2961353.191702346783131, 91.259972836822271 ], [ 620635.41893099679146, 2961355.103570302948356, 91.239940268918872 ] ] ] } },
{ "type": "Feature", "properties": { "id": null, "Name": "Mukul borthakur path,110 mm hdpe pipe laid = 152 m by hdd machine.", "descriptio": null, "timestamp": null, "begin": "2026-03-02T15:12:20+05:30", "end": "2026-03-02T15:13:57+05:30", "layer": "Mukul_borthakur_path,110_mm_hdpe_pipe_laid_=_152_m_by_hdd_machine.", "path": "D:\\Jorhat TWSS\\Data Pipeline\\6 March 2026\\Mukul_borthakur_path,110_mm_hdpe_pipe_laid_=_152_m_by_hdd_machine..kmz|layername=Mukul_borthakur_path,110_mm_hdpe_pipe_laid_=_152_m_by_hdd_machine.|geometrytype=LineString25D", "description": null, "altitudeMode": null }, "geometry": { "type": "MultiLineString", "coordinates": [ [ [ 620757.013525840826333, 2961318.949675584211946, 92.626224855289607 ], [ 620754.851532847387716, 2961318.355127511080354, 92.459608852370252 ], [ 620753.032469678088091, 2961317.811306487768888, 92.485193870281449 ], [ 620749.93263184488751, 2961317.446619683876634, 92.420919774022735 ], [ 620744.564897946780547, 2961316.295576950535178, 92.577652838081121 ], [ 620735.071644585812464, 2961314.984983757138252, 92.698252375237644 ], [ 620708.358336200006306, 2961309.97054020408541, 90.785004328936338 ], [ 620698.192691541044042, 2961308.739722240716219, 90.886488449759781 ], [ 620683.012603328679688, 2961306.3236721646972, 90.915926431305707 ], [ 620673.496557036298327, 2961304.215326573234051, 90.394723013974726 ], [ 620661.58725359919481, 2961303.087076779920608, 90.195929765701294 ], [ 620654.384689222089946, 2961302.175359770189971, 90.156411324627697 ], [ 620646.452751237200573, 2961300.807784255594015, 89.990099046379328 ], [ 620641.996734347310849, 2961299.930256613530219, 90.864866171963513 ], [ 620634.326915007433854, 2961298.984350236132741, 89.854202354326844 ], [ 620626.759663826436736, 2961296.978572814725339, 89.692782436497509 ], [ 620616.195142974844202, 2961294.847434304654598, 89.809230265207589 ], [ 620607.978293425752781, 2961292.807467494159937, 90.303695019334555 ], [ 620597.324851257144473, 2961291.258341253735125, 93.564176845807609 ] ] ] } },
{ "type": "Feature", "properties": { "id": null, "Name": "Mukul borthakur path,110 mm hdpe pipe laid= 150 m by hdd machine.", "descriptio": null, "timestamp": null, "begin": "2026-03-02T15:21:54+05:30", "end": "2026-03-02T15:23:25+05:30", "layer": "Mukul_borthakur_path,110_mm_hdpe_pipe_laid=_150_m_by_hdd_machine.", "path": "D:\\Jorhat TWSS\\Data Pipeline\\6 March 2026\\Mukul_borthakur_path,110_mm_hdpe_pipe_laid=_150_m_by_hdd_machine..kmz|layername=Mukul_borthakur_path,110_mm_hdpe_pipe_laid=_150_m_by_hdd_machine.|geometrytype=LineString25D", "description": null, "altitudeMode": null }, "geometry": { "type": "MultiLineString", "coordinates": [ [ [ 620596.639289305079728, 2961294.612697948236018, 93.579788567108167 ], [ 620602.371233815210871, 2961296.271992131602019, 92.219374978666607 ], [ 620609.664969893521629, 2961298.004254449624568, 91.921713032759726 ], [ 620625.255330760381185, 2961301.012920581735671, 91.858432834967971 ], [ 620635.466561269480735, 2961302.562839498743415, 91.785326604731381 ], [ 620648.959973013610579, 2961304.978889574762434, 91.803869981318712 ], [ 620669.200090630329214, 2961307.805212304927409, 91.697379175573587 ], [ 620710.956729677389376, 2961315.190120084676892, 90.940063516609371 ], [ 620735.026058735093102, 2961319.201674927491695, 92.012997549027205 ], [ 620746.14900625415612, 2961320.751593844033778, 92.567737565375865 ], [ 620751.710480013745837, 2961321.663310853764415, 92.646680391393602 ], [ 620752.126470381161198, 2961321.624849040061235, 91.476133572410149 ] ] ] } },
{ "type": "Feature", "properties": { "id": null, "Name": "Nn sharmah path,110 mm hdpe pipe laid= 150 m by hdd machine.", "descriptio": null, "timestamp": null, "begin": "2026-03-03T12:42:13+05:30", "end": "2026-03-03T12:43:45+05:30", "layer": "Nn_sharmah_path,110_mm_hdpe_pipe_laid=_150_m_by_hdd_machine.", "path": "D:\\Jorhat TWSS\\Data Pipeline\\6 March 2026\\Nn_sharmah_path,110_mm_hdpe_pipe_laid=_150_m_by_hdd_machine..kmz|layername=Nn_sharmah_path,110_mm_hdpe_pipe_laid=_150_m_by_hdd_machine.|geometrytype=LineString25D", "description": null, "altitudeMode": null }, "geometry": { "type": "MultiLineString", "coordinates": [ [ [ 620357.996885809581727, 2961122.897606259677559, 92.062378440983593 ], [ 620357.47264852898661, 2961124.62986857816577, 92.088776241987944 ], [ 620356.993997098878026, 2961126.08861579420045, 92.748534749262035 ], [ 620356.196244715363719, 2961128.185564916580915, 92.354712713509798 ], [ 620354.901742601883598, 2961130.667156730312854, 92.404081991873682 ], [ 620350.361255852738395, 2961141.633390810806304, 90.945961152203381 ], [ 620348.693565625580959, 2961146.864917683415115, 91.120355297811329 ], [ 620344.642809949116781, 2961155.471249936148524, 88.918657011352479 ], [ 620333.080541566596366, 2961185.247440850362182, 90.21449511218816 ], [ 620331.976972565986216, 2961187.022496501449496, 90.152219001203775 ], [ 620322.052442700252868, 2961213.15759022673592, 90.66435735207051 ], [ 620315.806102225207724, 2961230.082490290980786, 90.114652135409415 ], [ 620308.038767482503317, 2961252.109660330228508, 89.894508584402502 ], [ 620302.6797881773673, 2961263.555187953170389, 90.140714296139777 ] ] ] } },
{ "type": "Feature", "properties": { "id": null, "Name": "Ramdhenu path branch eoad,110 mm hdpe pipe laid = 100 m by hdd  method.", "descriptio": null, "timestamp": null, "begin": "2026-03-06T08:53:37+05:30", "end": "2026-03-06T08:54:41+05:30", "layer": "Ramdhenu_path_branch_eoad,110_mm_hdpe_pipe_laid_=_100_m_by_hdd__method.", "path": "D:\\Jorhat TWSS\\Data Pipeline\\6 March 2026\\Ramdhenu_path_branch_eoad,110_mm_hdpe_pipe_laid_=_100_m_by_hdd__method..kmz|layername=Ramdhenu_path_branch_eoad,110_mm_hdpe_pipe_laid_=_100_m_by_hdd__method.|geometrytype=LineString25D", "description": null, "altitudeMode": null }, "geometry": { "type": "MultiLineString", "coordinates": [ [ [ 620429.452706448850222, 2961403.45572308357805, 91.274434788220589 ], [ 620428.153509709867649, 2961403.113829204812646, 90.990910952910781 ], [ 620426.307282765046693, 2961402.72634947579354, 91.098276707343757 ], [ 620422.956722754170187, 2961402.179319269489497, 91.52880094666034 ], [ 620418.945167911238968, 2961401.404359811451286, 91.679341337643564 ], [ 620408.642765700933523, 2961398.532451230566949, 92.058286377228796 ], [ 620402.716605137567967, 2961397.392804968636483, 91.804957126267254 ], [ 620389.90698115050327, 2961393.745936929248273, 92.027687191031873 ], [ 620351.152090401970781, 2961383.582973041106015, 90.939926609396935 ], [ 620341.677151334122755, 2961379.796666679903865, 90.840063407085836 ], [ 620332.70452085044235, 2961376.635509468615055, 91.503615359048368 ] ] ] } },
{ "type": "Feature", "properties": { "id": null, "Name": "Ramdhenu path branch road,110 mm hdpe pipe laid = 47 m manually.", "descriptio": null, "timestamp": null, "begin": "2026-03-06T14:58:51+05:30", "end": "2026-03-06T14:59:37+05:30", "layer": "Ramdhenu_path_branch_road,110_mm_hdpe_pipe_laid_=_47_m_manually.", "path": "D:\\Jorhat TWSS\\Data Pipeline\\6 March 2026\\Ramdhenu_path_branch_road,110_mm_hdpe_pipe_laid_=_47_m_manually..kmz|layername=Ramdhenu_path_branch_road,110_mm_hdpe_pipe_laid_=_47_m_manually.|geometrytype=LineString25D", "description": null, "altitudeMode": null }, "geometry": { "type": "MultiLineString", "coordinates": [ [ [ 620553.400633925804868, 2961271.325135446619242, 88.782257515005767 ], [ 620547.125001257751137, 2961268.898680358659476, 88.446533801965415 ], [ 620543.303368043270893, 2961267.815024961251765, 88.162269244901836 ], [ 620535.280258357408457, 2961265.125459782313555, 88.579228944145143 ], [ 620524.434967401321046, 2961261.538757325150073, 88.760488516651094 ], [ 620492.870852499268949, 2961251.220083608292043, 87.524598449468613 ], [ 620492.081111036939546, 2961251.267794541548938, 87.081081529147923 ], [ 620489.180508526042104, 2961259.507580871228129, 87.35708196554333 ], [ 620487.367949267732911, 2961262.29208428831771, 87.826692720875144 ] ] ] } },
{ "type": "Feature", "properties": { "id": null, "Name": "Ramdhenu path main road,110 mm hdpe pipe laid= 15 m manually.", "descriptio": null, "timestamp": null, "begin": "2026-03-06T09:02:49+05:30", "end": "2026-03-06T09:03:04+05:30", "layer": "Ramdhenu_path_main_road,110_mm_hdpe_pipe_laid=_15_m_manually.", "path": "D:\\Jorhat TWSS\\Data Pipeline\\6 March 2026\\Ramdhenu_path_main_road,110_mm_hdpe_pipe_laid=_15_m_manually..kmz|layername=Ramdhenu_path_main_road,110_mm_hdpe_pipe_laid=_15_m_manually.|geometrytype=LineString25D", "description": null, "altitudeMode": null }, "geometry": { "type": "MultiLineString", "coordinates": [ [ [ 620492.203535661916249, 2961266.093015946447849, 92.445394290942716 ], [ 620492.68028107623104, 2961264.920323454774916, 92.594933927582474 ], [ 620492.913766476558521, 2961264.028601344674826, 92.395264338113435 ], [ 620493.92141007038299, 2961261.143608496058732, 92.366677232676466 ], [ 620492.84423330577556, 2961256.701760403811932, 92.556570776738226 ], [ 620490.876214812975377, 2961254.690561844967306, 87.195730772663467 ], [ 620484.885100642801262, 2961251.905563139822334, 92.727876748889685 ] ] ] } },
{ "type": "Feature", "properties": { "id": null, "Name": "Ramdhenu path,110 mm hdpe pipe laid = 130 m by hdd machine.", "descriptio": null, "timestamp": null, "begin": "2026-03-03T12:45:39+05:30", "end": "2026-03-03T12:46:54+05:30", "layer": "Ramdhenu_path,110_mm_hdpe_pipe_laid_=_130_m_by_hdd_machine.", "path": "D:\\Jorhat TWSS\\Data Pipeline\\6 March 2026\\Ramdhenu_path,110_mm_hdpe_pipe_laid_=_130_m_by_hdd_machine..kmz|layername=Ramdhenu_path,110_mm_hdpe_pipe_laid_=_130_m_by_hdd_machine.|geometrytype=LineString25D", "description": null, "altitudeMode": null }, "geometry": { "type": "MultiLineString", "coordinates": [ [ [ 620347.126759777893312, 2961150.193790806923062, 90.268752775786453 ], [ 620350.95387190929614, 2961152.026964721269906, 92.594780309200303 ], [ 620352.503790825838223, 2961152.938681731000543, 92.636482581629053 ], [ 620356.424173967796378, 2961155.491489358246326, 92.741317139436092 ], [ 620367.718028332805261, 2961161.822209437377751, 92.344244160284731 ], [ 620377.351590352831408, 2961167.544299764558673, 92.386064657941461 ], [ 620386.102388216299005, 2961171.333424576092511, 91.154349056072533 ], [ 620396.682895853416994, 2961176.413355897180736, 90.051769645220929 ], [ 620406.158336850581691, 2961180.062262771651149, 89.468353915959597 ], [ 620409.488750710501336, 2961181.301432356704026, 89.336716301739216 ], [ 620413.375371924019419, 2961182.770293844863772, 88.965023063123226 ], [ 620465.899192691082135, 2961203.004637779202312, 91.330647910945117 ], [ 620467.320361344027333, 2961202.791921107564121, 90.718812643550336 ], [ 620470.729108934407122, 2961204.859064629301429, 90.614159754477441 ], [ 620473.71752213104628, 2961205.423437998164445, 90.592397924512625 ] ] ] } },
{ "type": "Feature", "properties": { "id": null, "Name": "Triveni path,100 mm DI pipe laid by JCB=148.5 m", "descriptio": null, "timestamp": null, "begin": "2026-03-02T14:26:58+05:30", "end": "2026-03-02T14:28:25+05:30", "layer": "Triveni_path,100_mm_DI_pipe_laid_by_JCB=148.5_m", "path": "D:\\Jorhat TWSS\\Data Pipeline\\6 March 2026\\Triveni_path,100_mm_DI_pipe_laid_by_JCB=148.5_m.kmz|layername=Triveni_path,100_mm_DI_pipe_laid_by_JCB=148.5_m|geometrytype=LineString25D", "description": null, "altitudeMode": null }, "geometry": { "type": "MultiLineString", "coordinates": [ [ [ 620313.915560115478002, 2961858.533954936545342, 92.388892715113016 ], [ 620315.818577649537474, 2961853.58180728321895, 91.743581526204878 ], [ 620318.462556977872737, 2961848.65853543067351, 90.781950618448562 ], [ 620320.969778755563311, 2961844.191122083459049, 90.747280031449407 ], [ 620326.759181767469272, 2961829.421306525822729, 91.182200911454856 ], [ 620332.730928180506453, 2961812.600127693731338, 90.838239911943674 ], [ 620337.973300987039693, 2961799.061130100861192, 87.918428263626993 ], [ 620342.759815288009122, 2961786.388263664208353, 88.086522645317018 ], [ 620347.682341525913216, 2961773.555669912137091, 88.444178809411824 ], [ 620353.976359656546265, 2961751.504760796204209, 88.449811549857259 ], [ 620359.240085355937481, 2961728.123023346997797, 88.844563718885183 ], [ 620362.297095840563998, 2961718.313332408666611, 89.975651767104864 ] ] ] } },
{ "type": "Feature", "properties": { "id": null, "Name": "Triveni path,110 mm hdpe pipe laid= 180 m by hdd machine ", "descriptio": null, "timestamp": null, "begin": "2026-03-02T14:47:14+05:30", "end": "2026-03-02T14:48:59+05:30", "layer": "Triveni_path,110_mm_hdpe_pipe_laid=_180_m_by_hdd_machine_", "path": "D:\\Jorhat TWSS\\Data Pipeline\\6 March 2026\\Triveni_path,110_mm_hdpe_pipe_laid=_180_m_by_hdd_machine_.kmz|layername=Triveni_path,110_mm_hdpe_pipe_laid=_180_m_by_hdd_machine_|geometrytype=LineString25D", "description": null, "altitudeMode": null }, "geometry": { "type": "MultiLineString", "coordinates": [ [ [ 620341.02952782670036, 2961697.241942927706987, 93.766384934366542 ], [ 620356.179112486308441, 2961690.50798724219203, 91.32247180005254 ], [ 620366.736659652437083, 2961688.262472603470087, 91.444403235060832 ], [ 620372.138884104206227, 2961688.832481702789664, 91.587938399604724 ], [ 620372.470307388342917, 2961693.252192305866629, 91.485266254270073 ], [ 620372.291244262713008, 2961697.059042929671705, 91.347191044431611 ], [ 620371.25447852909565, 2961700.316339334007353, 91.362618854143193 ], [ 620369.349386270623654, 2961706.841238398104906, 91.383958079422854 ], [ 620364.8233669239562, 2961727.286208504345268, 90.182396195828915 ], [ 620362.817589502548799, 2961732.574167160782963, 89.918084825389087 ], [ 620361.404428137349896, 2961738.591499426867813, 89.702120850794017 ], [ 620360.811812080908567, 2961741.600165558978915, 89.704526988789439 ], [ 620358.304590304964222, 2961749.554896470624954, 88.346789790317416 ], [ 620349.825622114120051, 2961777.271093566901982, 89.185570567846298 ], [ 620346.178754075081088, 2961785.84123345836997, 88.97365836892277 ], [ 620344.902350261458196, 2961790.946848713327199, 88.668616630136967 ], [ 620342.44071433506906, 2961800.884564119856805, 89.041889945045114 ], [ 620335.921937714563683, 2961816.794025939889252, 89.357123777270317 ], [ 620327.853242178331129, 2961838.378926146309823, 88.38993338868022 ], [ 620325.186851596576162, 2961844.101990326773375, 88.332958778366446 ], [ 620319.522925787372515, 2961856.588351730722934, 88.22557214088738 ] ] ] } },
{ "type": "Feature", "properties": { "id": null, "Name": "9 Mar 2026 17:19:55", "descriptio": null, "timestamp": null, "begin": "2026-03-09T11:49:55.811Z", "end": "2026-03-09T11:51:22.987Z", "layer": "9_Mar_2026_17_19_55 — 9 Mar 2026 17:19:55", "path": "D:\\Jorhat TWSS\\Data Pipeline\\9 March 2026\\9_Mar_2026_17_19_55.kml|layername=9 Mar 2026 17:19:55|geometrytype=LineString25D|uniqueGeometryType=yes", "description": null, "altitudeMode": null }, "geometry": { "type": "MultiLineString", "coordinates": [ [ [ 620424.172780254855752, 2961441.743286104872823, 37.6 ], [ 620414.074252882739529, 2961440.539317848626524, 36.1 ], [ 620404.152319390908815, 2961438.229234853293747, 36.0 ], [ 620384.162717374274507, 2961431.577100244816393, 36.3 ], [ 620374.17986273218412, 2961428.459562075790018, 36.4 ], [ 620354.06477515224833, 2961424.643786213826388, 39.1 ] ] ] } },
{ "type": "Feature", "properties": { "id": null, "Name": "9 Mar 2026 17:23:57", "descriptio": null, "timestamp": null, "begin": "2026-03-09T11:53:57.525Z", "end": "2026-03-09T11:55:08.651Z", "layer": "9_Mar_2026_17_23_57 — 9 Mar 2026 17:23:57", "path": "D:\\Jorhat TWSS\\Data Pipeline\\9 March 2026\\9_Mar_2026_17_23_57.kml|layername=9 Mar 2026 17:23:57|geometrytype=LineString25D|uniqueGeometryType=yes", "description": null, "altitudeMode": null }, "geometry": { "type": "MultiLineString", "coordinates": [ [ [ 620432.940024010953493, 2961443.001448382623494, 39.8 ], [ 620441.236648799735121, 2961448.654093843419105, 38.8 ], [ 620461.932624921319075, 2961454.762597807683051, 0.0 ], [ 620482.993287846795283, 2961458.500637548044324, 29.0 ], [ 620503.734849817468785, 2961462.626157005317509, 27.6 ], [ 620514.03725202777423, 2961464.814277829136699, 27.5 ] ] ] } },
{ "type": "Feature", "properties": { "id": null, "Name": "Gajpuria bylane 4, 110 mm hdoe pipe laud = 96 m by hdd machine .", "descriptio": null, "timestamp": null, "begin": "2026-03-09T17:10:28+05:30", "end": "2026-03-09T17:11:20+05:30", "layer": "Gajpuria_bylane_4,_110_mm_hdoe_pipe_laud_=_96_m_by_hdd_machine_.", "path": "D:\\Jorhat TWSS\\Data Pipeline\\9 March 2026\\Gajpuria_bylane_4,_110_mm_hdoe_pipe_laud_=_96_m_by_hdd_machine_..kmz|layername=Gajpuria_bylane_4,_110_mm_hdoe_pipe_laud_=_96_m_by_hdd_machine_.|geometrytype=LineString25D", "description": null, "altitudeMode": null }, "geometry": { "type": "MultiLineString", "coordinates": [ [ [ 620154.574923970736563, 2961468.923923106398433, 91.235232917267496 ], [ 620156.735355904675089, 2961466.295817979145795, 91.794746436906934 ], [ 620154.638406782178208, 2961464.928242464549839, 92.200424786425515 ], [ 620146.387367841554806, 2961457.930814401712269, 92.122863613069057 ], [ 620141.71619136899244, 2961453.356650743167847, 91.828677046112716 ], [ 620132.483683442813344, 2961447.947513144463301, 91.842595177702606 ], [ 620126.284007776528597, 2961444.665331909433007, 91.446483502164483 ], [ 620121.543079327791929, 2961441.360357762780041, 91.449251473881304 ], [ 620107.95849588222336, 2961434.476894338149577, 92.681678588502109 ], [ 620093.735710530192591, 2961427.000814859289676, 93.261910510249436 ], [ 620087.399277312215418, 2961423.809805324766785, 93.679690667428076 ], [ 620080.926086543127894, 2961420.482038239017129, 93.716008165851235 ], [ 620073.267663660924882, 2961416.698412648867816, 93.433219417929649 ], [ 620062.378310608793981, 2961413.236362043302506, 80.294155894414061 ] ] ] } },
{ "type": "Feature", "properties": { "id": null, "Name": "Hindi high school opposite road, 110 mm hdpe pipe laid manually kmz file", "descriptio": null, "timestamp": null, "begin": "2026-03-09T09:54:03+05:30", "end": "2026-03-09T09:56:45+05:30", "layer": "Hindi_high_school_opposite_road,_110_mm_hdpe_pipe_laid_manually_kmz_file", "path": "D:\\Jorhat TWSS\\Data Pipeline\\9 March 2026\\Hindi_high_school_opposite_road,_110_mm_hdpe_pipe_laid_manually_kmz_file.kmz|layername=Hindi_high_school_opposite_road,_110_mm_hdpe_pipe_laid_manually_kmz_file|geometrytype=LineString25D", "description": null, "altitudeMode": null }, "geometry": { "type": "MultiLineString", "coordinates": [ [ [ 620562.905283752363175, 2961495.835449098609388, 91.562464118003845 ], [ 620564.819889472797513, 2961496.063378350809216, 91.565863736905158 ], [ 620566.005121585447341, 2961494.148772630374879, 91.29015798587352 ], [ 620565.047818725230172, 2961490.319561189506203, 92.832473367452621 ], [ 620564.466599136008881, 2961486.433367449790239, 94.375948063097894 ], [ 620566.381204856443219, 2961484.564347579609603, 94.564276454038918 ], [ 620570.073658745968714, 2961483.424701316747814, 93.070234702900052 ], [ 620572.808809775393456, 2961482.786499409470707, 92.949734187684953 ], [ 620576.779975082725286, 2961481.9553252751939, 92.771346388847562 ], [ 620582.609767630347051, 2961481.418923893477768, 91.903496330603957 ], [ 620586.621322473278269, 2961480.23369178082794, 91.156049815937877 ], [ 620590.662023812066764, 2961479.107551068533212, 91.006121467798948 ], [ 620601.62388316472061, 2961476.115759824868292, 91.002218858338892 ], [ 620603.533673004363663, 2961473.259056657087058, 90.455614067614079 ], [ 620603.624844705336727, 2961467.332896093372256, 89.497389480471611 ], [ 620604.946834369562566, 2961458.945099603850394, 91.876754028722644 ], [ 620604.764490967732854, 2961443.58266799012199, 92.770980482921004 ], [ 620605.806646287208423, 2961425.449339853134006, 93.463611778593403 ] ] ] } },
{ "type": "Feature", "properties": { "id": null, "Name": "Kmz file of pipe laying opoosite to hindi high school road ", "descriptio": null, "timestamp": null, "begin": "2026-03-09T09:51:29+05:30", "end": "2026-03-09T09:52:23+05:30", "layer": "Kmz_file_of_pipe_laying_opoosite_to_hindi_high_school_road_", "path": "D:\\Jorhat TWSS\\Data Pipeline\\9 March 2026\\Kmz_file_of_pipe_laying_opoosite_to_hindi_high_school_road_.kmz|layername=Kmz_file_of_pipe_laying_opoosite_to_hindi_high_school_road_|geometrytype=LineString25D", "description": null, "altitudeMode": null }, "geometry": { "type": "MultiLineString", "coordinates": [ [ [ 620602.512705225497484, 2961425.307351409457624, 93.427318596667305 ], [ 620602.25726919027511, 2961428.151857599150389, 91.824822114731575 ], [ 620602.188890414545313, 2961430.522321824450046, 91.76542651849212 ], [ 620602.257269190158695, 2961434.511083742137998, 91.143240016154465 ], [ 620601.527895582956262, 2961442.807708531152457, 91.538115448318422 ], [ 620601.436723881866783, 2961451.651363525539637, 91.746344086714089 ], [ 620600.980865377001464, 2961467.059380990453064, 92.528984193690121 ], [ 620600.342663470190018, 2961473.897258564364165, 91.951618457213044 ], [ 620595.054704813519493, 2961475.538349181879312, 91.654743089340627 ], [ 620579.555515647633001, 2961478.820530417375267, 90.143898474052548 ], [ 620568.979598334408365, 2961480.233691782224923, 90.105021674185991 ], [ 620565.05921519245021, 2961481.692438997793943, 91.639417996630073 ], [ 620560.644599751452915, 2961480.307027435861528, 91.963158800266683 ], [ 620558.081717816297896, 2961481.32427386008203, 91.174872022122145 ] ] ] } },
{ "type": "Feature", "properties": { "id": null, "Name": "Near jai shrreeram path,110 mm hdpe pipe laid= 100 m by hdd machine.", "descriptio": null, "timestamp": null, "begin": "2026-03-08T11:52:18+05:30", "end": "2026-03-08T11:53:22+05:30", "layer": "Near_jai_shrreeram_path,110_mm_hdpe_pipe_laid=_100_m_by_hdd_machine.", "path": "D:\\Jorhat TWSS\\Data Pipeline\\9 March 2026\\Near_jai_shrreeram_path,110_mm_hdpe_pipe_laid=_100_m_by_hdd_machine..kmz|layername=Near_jai_shrreeram_path,110_mm_hdpe_pipe_laid=_100_m_by_hdd_machine.|geometrytype=LineString25D", "description": null, "altitudeMode": null }, "geometry": { "type": "MultiLineString", "coordinates": [ [ [ 620524.795512743061408, 2961468.734660970978439, 93.579695095308125 ], [ 620519.781069189426489, 2961468.825832671951503, 93.368172362446785 ], [ 620507.381717856624164, 2961467.458257157355547, 93.561162632890046 ], [ 620500.185681614442728, 2961466.362410088535398, 93.001137894578278 ], [ 620490.466312432661653, 2961463.787039493210614, 92.706791021861136 ], [ 620473.7564863844309, 2961459.495152755174786, 91.237522093579173 ], [ 620470.49933337897528, 2961458.980146338697523, 91.097623649984598 ], [ 620460.656221107696183, 2961458.044779043179005, 90.959970576688647 ], [ 620443.971799829043448, 2961454.21556760231033, 90.294004965573549 ], [ 620433.760569319827482, 2961448.745265543460846, 90.946017732843757 ], [ 620429.044348527328111, 2961443.607627877499908, 91.608504696749151 ] ] ] } },
{ "type": "Feature", "properties": { "id": null, "Name": "Prafulla chandra borah path,110 mm hdpe pipe laid = 75 by hdd machine .", "descriptio": null, "timestamp": null, "begin": "2026-03-06T15:19:39+05:30", "end": "2026-03-06T15:20:14+05:30", "layer": "Prafulla_chandra_borah_path,110_mm_hdpe_pipe_laid_=_75_by_hdd_machine_.", "path": "D:\\Jorhat TWSS\\Data Pipeline\\9 March 2026\\Prafulla_chandra_borah_path,110_mm_hdpe_pipe_laid_=_75_by_hdd_machine_..kmz|layername=Prafulla_chandra_borah_path,110_mm_hdpe_pipe_laid_=_75_by_hdd_machine_.|geometrytype=LineString25D", "description": null, "altitudeMode": null }, "geometry": { "type": "MultiLineString", "coordinates": [ [ [ 620551.451838821405545, 2961689.951396951917559, 88.938831229694188 ], [ 620547.268378306063823, 2961703.465862261131406, 88.211216908879578 ], [ 620529.699481976334937, 2961742.838177193887532, 86.387917580083013 ] ] ] } },
{ "type": "Feature", "properties": { "id": null, "Name": "Ramdhenu path branch road,110 mm hdpe pipe laid= 80 m by hdd machine.", "descriptio": null, "timestamp": null, "begin": "2026-03-08T10:05:58+05:30", "end": "2026-03-08T10:06:50+05:30", "layer": "Ramdhenu_path_branch_road,110_mm_hdpe_pipe_laid=_80_m_by_hdd_machine.", "path": "D:\\Jorhat TWSS\\Data Pipeline\\9 March 2026\\Ramdhenu_path_branch_road,110_mm_hdpe_pipe_laid=_80_m_by_hdd_machine..kmz|layername=Ramdhenu_path_branch_road,110_mm_hdpe_pipe_laid=_80_m_by_hdd_machine.|geometrytype=LineString25D", "description": null, "altitudeMode": null }, "geometry": { "type": "MultiLineString", "coordinates": [ [ [ 620344.229958961601369, 2961323.908413981087506, 91.540266026386988 ], [ 620340.682807470089756, 2961322.972595313563943, 91.631928869763385 ], [ 620339.189696082961746, 2961322.234470213297755, 91.643298782946644 ], [ 620332.514395386213437, 2961320.352717643138021, 91.330449993401231 ], [ 620325.831503631663509, 2961318.371099140495062, 91.10920019261539 ], [ 620317.94163630285766, 2961316.826527154073119, 91.172903082333505 ], [ 620309.919979018042795, 2961314.063591539859772, 91.040967844426632 ], [ 620305.069302580785006, 2961311.706680570263416, 90.884394446387887 ], [ 620281.797665135818534, 2961303.816119262482971, 92.388398267328739 ], [ 620268.15690512699075, 2961300.549463126808405, 93.627228580415249 ], [ 620262.60811747808475, 2961298.496099581476301, 93.441456315107644 ] ] ] } },
{ "type": "Feature", "properties": { "id": null, "Name": "Ramdhenu path branch road= 56 m laid by hdd machine.", "descriptio": null, "timestamp": null, "begin": "2026-03-07T09:12:30+05:30", "end": "2026-03-07T09:13:06+05:30", "layer": "Ramdhenu_path_branch_road=_56_m_laid_by_hdd_machine.", "path": "D:\\Jorhat TWSS\\Data Pipeline\\9 March 2026\\Ramdhenu_path_branch_road=_56_m_laid_by_hdd_machine..kmz|layername=Ramdhenu_path_branch_road=_56_m_laid_by_hdd_machine.|geometrytype=LineString25D", "description": null, "altitudeMode": null }, "geometry": { "type": "MultiLineString", "coordinates": [ [ [ 620344.229958961601369, 2961323.908413981087506, 91.540266026386988 ], [ 620348.525902330060489, 2961326.189428115729243, 91.784834824910121 ], [ 620348.931208960246295, 2961328.259426922071725, 91.394764818547543 ], [ 620345.185925113735721, 2961339.566272881813347, 90.806789426133037 ], [ 620344.334973242483102, 2961339.850218162871897, 90.51828303001821 ], [ 620342.066331691807136, 2961345.545704277232289, 89.84719395916909 ], [ 620336.039798733312637, 2961364.734612653497607, 90.069934069178998 ], [ 620333.790799199603498, 2961371.272112637758255, 91.589093388989568 ], [ 620332.70452085044235, 2961376.635509468615055, 91.503615359048368 ] ] ] } },
{ "type": "Feature", "properties": { "id": null, "Name": "Shankarjyoti path,110 mm hdpe pipe laid= 100 m by hdd machine.", "descriptio": null, "timestamp": null, "begin": "2026-03-09T17:37:02+05:30", "end": "2026-03-09T17:38:10+05:30", "layer": "Shankarjyoti_path,110_mm_hdpe_pipe_laid=_100_m_by_hdd_machine.", "path": "D:\\Jorhat TWSS\\Data Pipeline\\9 March 2026\\Shankarjyoti_path,110_mm_hdpe_pipe_laid=_100_m_by_hdd_machine..kmz|layername=Shankarjyoti_path,110_mm_hdpe_pipe_laid=_100_m_by_hdd_machine.|geometrytype=LineString25D", "description": null, "altitudeMode": null }, "geometry": { "type": "MultiLineString", "coordinates": [ [ [ 620072.223298708093353, 2961537.752487338613719, 43.067886800367539 ], [ 620064.287251114030369, 2961536.748749902006239, 61.976387319570783 ], [ 620054.48629325942602, 2961535.700275342911482, 91.631610673852265 ], [ 620046.372011872590519, 2961535.198830987326801, 92.090308995917439 ], [ 620032.696256726048887, 2961534.287113976664841, 91.691464496776462 ], [ 620024.30846023641061, 2961532.873952611815184, 91.623043331317604 ], [ 620016.285350550431758, 2961531.916649750899523, 91.703993494622409 ], [ 620000.603817982249893, 2961531.232861992903054, 91.407981007359922 ], [ 619988.569153454038315, 2961530.343937912490219, 92.155369251035154 ], [ 619979.907841861364432, 2961530.161594510544091, 92.390602333471179 ], [ 619969.1951669966802, 2961529.819700630381703, 92.847043031826615 ], [ 619961.354400712647475, 2961529.751321855932474, 92.169682445935905 ], [ 619960.014515266986564, 2961527.527145850472152, 92.148881901055574 ], [ 619962.103815094335005, 2961527.391471025533974, 92.536413109861314 ] ] ] } },
{ "type": "Feature", "properties": { "id": null, "Name": "10-03-2026 11:56 am", "descriptio": null, "timestamp": null, "begin": "2026-03-10T11:54:10+05:30", "end": "2026-03-10T11:55:46+05:30", "layer": "10_03_2026_11_56_am", "path": "D:\\Jorhat TWSS\\Data Pipeline\\10 March 2026 evening\\10_03_2026_11_56_am.kmz|layername=10_03_2026_11_56_am|geometrytype=LineString25D", "description": null, "altitudeMode": null }, "geometry": { "type": "MultiLineString", "coordinates": [ [ [ 620614.536271411227062, 2961205.579222575295717, 92.242325988598168 ], [ 620613.224604402901605, 2961209.716018524486572, 92.397928279824555 ], [ 620612.114732318907045, 2961215.870763718150556, 92.773367125540972 ], [ 620609.087808453594334, 2961228.079356641508639, 95.852766335010529 ], [ 620606.363576974719763, 2961238.068205397110432, 95.554780624806881 ], [ 620604.850115042296238, 2961243.466219623107463, 95.217495189412432 ], [ 620602.680819605477154, 2961250.831734362058342, 94.615011067129672 ], [ 620598.080627292045392, 2961266.955282963812351, 93.720057776197791 ], [ 620597.650795450666919, 2961268.875453756190836, 93.808885424397886 ], [ 620590.421777950483374, 2961306.173992367461324, 94.212482467293739 ], [ 620587.848892664769664, 2961318.735726408194751, 93.591469017788768 ], [ 620585.477802303619683, 2961328.068741659633815, 94.348320088349283 ], [ 620583.33373123279307, 2961342.799771136138588, 93.542975371703506 ], [ 620581.87071803107392, 2961352.385030042845756, 94.090203808620572 ], [ 620580.256358636310324, 2961361.011763059068471, 94.220029052346945 ] ] ] } },
{ "type": "Feature", "properties": { "id": null, "Name": "10-03-2026 12:26:01", "descriptio": null, "timestamp": null, "begin": "2026-03-10T12:26:01+05:30", "end": "2026-03-10T12:26:31+05:30", "layer": "10_03_2026_12_26_01", "path": "D:\\Jorhat TWSS\\Data Pipeline\\10 March 2026 evening\\10_03_2026_12_26_01.kmz|layername=10_03_2026_12_26_01|geometrytype=LineString25D", "description": null, "altitudeMode": null }, "geometry": { "type": "MultiLineString", "coordinates": [ [ [ 619898.139065582072362, 2961064.978609030134976, 91.625792475959685 ], [ 619894.405859481543303, 2961061.749890240374953, 91.061968816230291 ], [ 619897.348837177618407, 2961054.080334382597357, 91.494738168283646 ], [ 619898.340860506519675, 2961050.550271939020604, 91.494737326167524 ], [ 619900.445010978146456, 2961045.059434029273689, 90.95649372600019 ], [ 619904.270870074396953, 2961035.726444807834923, 90.10553256701678 ], [ 619907.634134902968071, 2961029.533800138626248, 90.534283142536879 ], [ 619909.94406865676865, 2961023.484527709428221, 90.50184768345207 ], [ 619911.05394074076321, 2961020.886418058536947, 90.728543657809496 ], [ 619911.734998610569164, 2961019.221609932836145, 90.742325589992106 ], [ 619908.654051093151793, 2961018.22199846804142, 89.081296200864017 ], [ 619909.412201491300948, 2961017.281320806592703, 89.211807546205819 ] ] ] } },
{ "type": "Feature", "properties": { "id": null, "Name": "10-03-2026 15:52:47", "descriptio": null, "timestamp": null, "begin": "2026-03-10T15:52:47+05:30", "end": "2026-03-10T15:53:09+05:30", "layer": "10_03_2026_15_52_47", "path": "D:\\Jorhat TWSS\\Data Pipeline\\10 March 2026 evening\\10_03_2026_15_52_47.kmz|layername=10_03_2026_15_52_47|geometrytype=LineString25D", "description": null, "altitudeMode": null }, "geometry": { "type": "MultiLineString", "coordinates": [ [ [ 620375.521699915640056, 2961395.58922262955457, 91.728752624095762 ], [ 620373.174010169692338, 2961394.486922564450651, 91.815898912932198 ], [ 620372.331913453293964, 2961392.933197658509016, 91.677670772054739 ], [ 620372.079562813043594, 2961391.532093634363264, 91.625933626639679 ], [ 620372.770702367182821, 2961384.355939405038953, 91.011816680670449 ], [ 620376.821850519976579, 2961377.092296096030623, 90.691639698110521 ], [ 620379.596530729788356, 2961368.061973231844604, 90.8985765716061 ], [ 620380.661583493929356, 2961361.984330936335027, 90.9425318101421 ], [ 620381.503039627452381, 2961359.289876592345536, 90.615218325409373 ] ] ] } },
{ "type": "Feature", "properties": { "id": null, "Name": "10-03-2026 15:54:25", "descriptio": null, "timestamp": null, "begin": "2026-03-10T15:54:25+05:30", "end": "2026-03-10T15:54:47+05:30", "layer": "10_03_2026_15_54_25", "path": "D:\\Jorhat TWSS\\Data Pipeline\\10 March 2026 evening\\10_03_2026_15_54_25.kmz|layername=10_03_2026_15_54_25|geometrytype=LineString25D", "description": null, "altitudeMode": null }, "geometry": { "type": "MultiLineString", "coordinates": [ [ [ 620361.596529242000543, 2961351.894117458723485, 90.977286103181541 ], [ 620364.865501252701506, 2961353.633636141195893, 90.562351834960282 ], [ 620368.050808439147659, 2961354.634155678097159, 90.266791925404263 ], [ 620371.928323604865, 2961356.055175233632326, 90.297891416586936 ], [ 620383.127941906102933, 2961359.838830064982176, 90.669071120209992 ], [ 620388.071917552617379, 2961361.453189459629357, 89.413551860488951 ], [ 620391.653777459752746, 2961362.361266619060189, 89.304912404157221 ] ] ] } },
{ "type": "Feature", "properties": { "id": null, "Name": "17-03-2026 12:05:37 hindi high school opposite kaccha road ", "descriptio": null, "timestamp": null, "begin": "2026-03-17T12:05:37+05:30", "end": "2026-03-17T12:05:50+05:30", "layer": "17_03_2026_12_05_37_hindi_high_school_opposite_kaccha_road_", "path": "D:\\Jorhat TWSS\\Data Pipeline\\18 March 2026\\New files\\17_03_2026_12_05_37_hindi_high_school_opposite_kaccha_road_.kmz|layername=17_03_2026_12_05_37_hindi_high_school_opposite_kaccha_road_|geometrytype=LineString25D", "description": null, "altitudeMode": "absolute" }, "geometry": { "type": "MultiLineString", "coordinates": [ [ [ 620563.50258567230776, 2961503.036552249919623, 90.500622749328613 ], [ 620561.263408034108579, 2961502.779228717554361, 90.030160268768668 ], [ 620559.302636043750681, 2961503.181096867658198, 89.376740442588925 ], [ 620556.090213867137209, 2961503.935822234489024, 90.080342878189867 ], [ 620550.120522869983688, 2961504.666805387940258, 90.653098841197789 ], [ 620545.748380820732564, 2961505.044978915248066, 90.678634834475815 ], [ 620544.718405017163604, 2961505.192619273904711, 90.629762155003846 ] ] ] } },
{ "type": "Feature", "properties": { "id": null, "Name": "17-03-2026 13:53:44 ramdhenu path branch road ", "descriptio": null, "timestamp": null, "begin": "2026-03-17T13:53:44+05:30", "end": "2026-03-17T13:54:29+05:30", "layer": "17_03_2026_13_53_44_ramdhenu_path_branch_road_", "path": "D:\\Jorhat TWSS\\Data Pipeline\\18 March 2026\\New files\\17_03_2026_13_53_44_ramdhenu_path_branch_road_.kmz|layername=17_03_2026_13_53_44_ramdhenu_path_branch_road_|geometrytype=LineString25D", "description": null, "altitudeMode": "absolute" }, "geometry": { "type": "MultiLineString", "coordinates": [ [ [ 620508.242668055812828, 2961413.989962730091065, 96.15375657659024 ], [ 620502.900825806544162, 2961411.527282249182463, 95.430773722939193 ], [ 620497.605019075330347, 2961410.077903564553708, 95.099492011591792 ], [ 620486.344461604719982, 2961407.485745532438159, 92.785046613775194 ], [ 620473.495162114617415, 2961403.945916823111475, 91.597430965863168 ], [ 620466.983107927604578, 2961401.822459137067199, 91.803794771432877 ], [ 620457.702716203639284, 2961400.282855546567589, 91.992307724431157 ], [ 620453.203860534005798, 2961399.597780770156533, 91.686291186138988 ], [ 620451.08553784142714, 2961398.427128755487502, 91.795414476655424 ] ] ] } },
{ "type": "Feature", "properties": { "id": null, "Name": "Triveni path branch road ,110 mm hdpe pipe laid manually.", "descriptio": null, "timestamp": null, "begin": "2026-01-09T16:19:06+05:30", "end": "2026-01-09T16:19:22+05:30", "layer": "Triveni_path_branch_road_,110_mm_hdpe_pipe_laid_manually.", "path": "D:\\Jorhat TWSS\\Data Pipeline\\16 March 2026\\New files\\Triveni_path_branch_road_,110_mm_hdpe_pipe_laid_manually..kmz|layername=Triveni_path_branch_road_,110_mm_hdpe_pipe_laid_manually.|geometrytype=LineString25D", "description": null, "altitudeMode": "absolute" }, "geometry": { "type": "MultiLineString", "coordinates": [ [ [ 620362.088112089550123, 2961673.279498109128326, 92.915301833301783 ], [ 620359.872235062532127, 2961671.92767375940457, 92.737524146214128 ], [ 620357.029223027871922, 2961670.297122739255428, 92.271813376806676 ], [ 620348.709231926361099, 2961666.659739695023745, 92.041847666202997 ], [ 620344.165987204294652, 2961664.59716233657673, 91.901615767739713 ], [ 620341.016375832608901, 2961662.757566314190626, 91.706452244892716 ] ] ] } },
{ "type": "Feature", "properties": { "id": null, "Name": "Triveni path branch road, 110 mm hdpe pipe laid = 89 m  manually ", "descriptio": null, "timestamp": null, "begin": "2026-01-19T17:12:50+05:30", "end": "2026-01-19T17:13:51+05:30", "layer": "Triveni_path_branch_road,_110_mm_hdpe_pipe_laid_=_89_m__manually_", "path": "D:\\Jorhat TWSS\\Data Pipeline\\16 March 2026\\New files\\Triveni_path_branch_road,_110_mm_hdpe_pipe_laid_=_89_m__manually_.kmz|layername=Triveni_path_branch_road,_110_mm_hdpe_pipe_laid_=_89_m__manually_|geometrytype=LineString25D", "description": null, "altitudeMode": "absolute" }, "geometry": { "type": "MultiLineString", "coordinates": [ [ [ 620431.705506761092693, 2961738.058230770286173, 91.681174622045262 ], [ 620428.106903445324861, 2961737.257835595402867, 91.807056486316014 ], [ 620428.753621690208092, 2961736.240747664123774, 91.782780234201368 ], [ 620429.37149717763532, 2961734.601371791679412, 91.891449904124272 ], [ 620432.694350366131403, 2961727.831678657792509, 91.643259935081005 ], [ 620433.14452632854227, 2961726.956198560073972, 91.682534681633115 ], [ 620436.527352751349099, 2961720.188602908048779, 92.022143479436636 ], [ 620437.794887755531818, 2961715.591944455634803, 91.78994417283684 ], [ 620437.668646886246279, 2961714.296576906461269, 91.561298263259232 ], [ 620436.954095669090748, 2961711.269943237770349, 92.029045563191175 ], [ 620432.410850947024301, 2961708.872893875464797, 91.934095185250044 ], [ 620427.811860891408287, 2961706.336481178645045, 91.970361281186342 ], [ 620417.610464767436497, 2961701.653873120900244, 91.047886221669614 ], [ 620407.910776649368927, 2961697.528718404006213, 90.942169236019254 ], [ 620403.562640596879646, 2961695.912103718612343, 91.222836232744157 ], [ 620391.521648450405337, 2961691.50822233222425, 91.826397826895118 ], [ 620385.333916374947876, 2961689.724371643736959, 91.812064597383142 ], [ 620376.916370939114131, 2961688.442228961270303, 91.484984916634858 ], [ 620372.138884104206227, 2961688.832481702789664, 91.587938399604724 ] ] ] } },
{ "type": "Feature", "properties": { "id": null, "Name": "03-05-2026 13:05:52", "descriptio": null, "timestamp": null, "begin": "2026-05-03T13:05:52+05:30", "end": "2026-05-03T13:14:10+05:30", "layer": null, "path": null, "description": null, "altitudeMode": "absolute" }, "geometry": { "type": "MultiLineString", "coordinates": [ [ [ 620776.449900235398673, 2961229.141805849969387, 44.22 ], [ 620773.341618542093784, 2961242.748222722206265, 92.914376276154883 ], [ 620769.682494808337651, 2961254.391512103844434, 92.985288958996534 ], [ 620767.80202601745259, 2961263.605645263567567, 92.373956450261176 ], [ 620752.802145801833831, 2961318.536119683180004, 91.48076606169343 ], [ 620746.468385856598616, 2961347.489770626649261, 91.437341254204512 ], [ 620738.370772431488149, 2961375.405868350993842, 91.490668964572251 ], [ 620737.439623411162756, 2961381.975007744506001, 91.386859506368637 ], [ 620733.142666202737018, 2961400.410908252932131, 91.736604643985629 ], [ 620730.62688544485718, 2961416.596479772124439, 91.901842423714697 ], [ 620728.860942348372191, 2961424.256341834086925, 90.5495221382007 ], [ 620725.978743606014177, 2961432.113732775207609, 91.415653187781572 ], [ 620724.480503283790313, 2961434.636768599040806, 92.073038422502577 ], [ 620721.474144867039286, 2961446.969648950733244, 91.740461399778724 ], [ 620718.793668025522493, 2961454.835834959987551, 91.652034187689424 ], [ 620713.273871128913015, 2961465.512161457911134, 91.613140113651752 ], [ 620704.683825355372392, 2961477.786078332457691, 90.889916044659913 ], [ 620693.160111044533551, 2961496.574713423848152, 90.606533825397491 ], [ 620688.329050675965846, 2961502.298564022406936, 90.501483785919845 ], [ 620685.370483024395071, 2961506.664717234671116, 90.444091971963644 ], [ 620681.249331571394578, 2961512.134877991862595, 91.035157917067409 ], [ 620675.111279625678435, 2961521.477065891493112, 90.435132978484035 ], [ 620668.548879818292335, 2961533.607672737911344, 90.646071861498058 ], [ 620665.551689208718017, 2961542.209355097264051, 91.144926819950342 ], [ 620663.499771936214529, 2961546.099711248651147, 91.717190151102841 ], [ 620657.940196920884773, 2961559.255196799524128, 91.221834287978709 ], [ 620650.859669867786579, 2961579.17255724966526, 90.57075421884656 ], [ 620644.325601831194945, 2961600.297321992460638, 89.487919367849827 ], [ 620631.979168959893286, 2961634.224414586555213, 89.344432081095874 ], [ 620626.967472655232996, 2961646.081394395790994, 88.543436445295811 ], [ 620618.970273215672933, 2961665.219878387171775, 88.171620166860521 ], [ 620616.754230397637002, 2961673.219252462033182, 88.189275749959052 ], [ 620614.862486528232694, 2961678.245886171702296, 88.224993678741157 ], [ 620608.700806497014128, 2961695.217531169764698, 88.901803072541952 ], [ 620602.189254478667863, 2961710.777726355940104, 89.066161669790745 ], [ 620599.507541847182438, 2961716.382505821529776, 89.304770433343947 ], [ 620594.222797745605931, 2961726.974680908489972, 90.192291800864041 ], [ 620590.198463812819682, 2961735.439091595821083, 90.909906940534711 ], [ 620583.351438649697229, 2961751.483398822601885, 89.346428630873561 ], [ 620573.600942738354206, 2961772.269984681624919, 89.839568394236267 ], [ 620554.110483414377086, 2961812.181352111976594, 89.066246339119971 ], [ 620548.60259182844311, 2961822.302724855951965, 89.169112379662693 ], [ 620545.354411791195162, 2961827.3153030667454, 89.627992884255946 ], [ 620531.389881327515468, 2961852.690946543589234, 89.518884741701186 ], [ 620526.382923274417408, 2961862.069340435788035, 89.63855123706162 ], [ 620519.550916340202093, 2961875.32881696941331, 89.722575157880783 ], [ 620515.302709183655679, 2961883.770345106720924, 89.350069765932858 ], [ 620509.168130947742611, 2961895.536740085110068, 90.574779485352337 ], [ 620507.25029876769986, 2961899.588347149547189, 90.333138966932893 ], [ 620503.816856425488368, 2961907.507265893742442, 90.203721580095589 ], [ 620497.458719838643447, 2961918.832535895518959, 90.401665668003261 ], [ 620495.844772243406624, 2961921.983571263961494, 89.790209244759268 ], [ 620492.82563670957461, 2961928.064954760018736, 45.495092279898344 ] ] ] } },
{ "type": "Feature", "properties": { "id": null, "Name": "05-05-2026 16:13:36", "descriptio": null, "timestamp": null, "begin": "2026-05-05T16:13:36+05:30", "end": "2026-05-05T16:16:09+05:30", "layer": null, "path": null, "description": null, "altitudeMode": "absolute" }, "geometry": { "type": "MultiLineString", "coordinates": [ [ [ 619833.288506972952746, 2961622.5070043168962, 91.512094924226403 ], [ 619827.397076066117734, 2961621.480057645123452, 90.07994847279042 ], [ 619819.776050764485262, 2961619.588313776999712, 90.657847826369107 ], [ 619812.100975637906231, 2961618.291117980144918, 89.493552887812257 ], [ 619807.943965126411058, 2961618.102881212253124, 89.282194020226598 ], [ 619792.480889222119004, 2961618.77756640361622, 89.373171415179968 ], [ 619757.33098023023922, 2961625.360969410277903, 91.360075935721397 ], [ 619706.028596832766198, 2961636.142687744926661, 90.900610407814384 ], [ 619697.245097864069976, 2961638.181453519035131, 90.760874395258725 ], [ 619684.489339204854332, 2961641.154193887021393, 90.796051646582782 ], [ 619668.22034192958381, 2961643.640485829208046, 90.7248913673684 ], [ 619654.275487122358754, 2961646.1267777713947, 92.317735553719103 ], [ 619641.789977585780434, 2961646.55917637096718, 92.104042657651007 ], [ 619635.088368115597405, 2961645.954169960692525, 92.585724524553243 ], [ 619631.277286653872579, 2961645.58627952169627, 93.163519146852195 ], [ 619629.466617523576133, 2961644.93768162606284, 93.102753597311676 ] ] ] } },
{ "type": "Feature", "properties": { "id": null, "Name": "05-05-2026 16:20:12", "descriptio": null, "timestamp": null, "begin": "2026-05-05T16:20:12+05:30", "end": "2026-05-05T16:20:49+05:30", "layer": null, "path": null, "description": null, "altitudeMode": "absolute" }, "geometry": { "type": "MultiLineString", "coordinates": [ [ [ 619661.83348472462967, 2961644.779227811377496, 91.454426992413843 ], [ 619663.048226330429316, 2961637.554688836913556, 90.882413361441337 ], [ 619664.112555241561495, 2961630.884727166965604, 90.730392082594335 ], [ 619665.664492408628576, 2961623.86232678592205, 91.074731918051839 ], [ 619668.362384349224158, 2961614.366593707818538, 91.508328170515597 ], [ 619669.1624636198394, 2961613.09894856158644, 91.429992578923702 ], [ 619673.339958341908641, 2961600.077133233193308, 91.915968040004373 ], [ 619674.265965689439327, 2961590.542240269016474, 92.109742440283298 ], [ 619675.241243734955788, 2961587.524657017551363, 92.338725483976305 ] ] ] } },
{ "type": "Feature", "properties": { "id": null, "Name": "05-05-2026 16:23:08", "descriptio": null, "timestamp": null, "begin": "2026-05-05T16:23:08+05:30", "end": "2026-05-05T16:24:30+05:30", "layer": null, "path": null, "description": null, "altitudeMode": "absolute" }, "geometry": { "type": "MultiLineString", "coordinates": [ [ [ 619628.088346988661215, 2961648.829269011970609, 88.978726879693568 ], [ 619629.196368397795595, 2961649.342742348089814, 87.155655124224722 ], [ 619634.655400707968511, 2961650.045390073210001, 90.109475421719253 ], [ 619640.492781790089794, 2961650.15348972287029, 90.481524901464581 ], [ 619649.411002887645736, 2961650.423738847021013, 90.528626620769501 ], [ 619655.924006780725904, 2961650.531838498078287, 91.015204445458949 ], [ 619665.869174550287426, 2961648.964393578004092, 90.906007329933345 ], [ 619672.787552129011601, 2961647.559098132420331, 90.924460301175714 ], [ 619690.92126835999079, 2961645.153880926314741, 90.793429859913886 ], [ 619797.291323633864522, 2961622.34485484380275, 91.171654685400426 ], [ 619807.614840177120641, 2961622.885353090707213, 90.926304923370481 ], [ 619817.01950969779864, 2961624.614947486203164, 90.950805325061083 ], [ 619830.640065556508489, 2961628.182235924527049, 91.022483758628368 ], [ 619850.314201795728877, 2961632.073823313228786, 92.633039355278015 ] ] ] } },
{ "type": "Feature", "properties": { "id": null, "Name": "05-05-2026 16:26:28", "descriptio": null, "timestamp": null, "begin": "2026-05-05T16:26:28+05:30", "end": "2026-05-05T16:26:46+05:30", "layer": null, "path": null, "description": null, "altitudeMode": "absolute" }, "geometry": { "type": "MultiLineString", "coordinates": [ [ [ 619720.748661872465163, 2961633.049116167705506, 91.032443706900793 ], [ 619720.685314588365145, 2961619.042732206173241, 90.453192221000791 ], [ 619726.677670286269858, 2961584.620131941046566, 90.826588844880462 ], [ 619727.836098179104738, 2961580.471084041986614, 90.793747670017183 ] ] ] } },
{ "type": "Feature", "properties": { "id": null, "Name": "05-05-2026 16:28:54", "descriptio": null, "timestamp": null, "begin": "2026-05-05T16:28:54+05:30", "end": "2026-05-05T16:29:39+05:30", "layer": null, "path": null, "description": null, "altitudeMode": "absolute" }, "geometry": { "type": "MultiLineString", "coordinates": [ [ [ 619694.317089761258103, 2961644.425711906049401, 90.80550453594546 ], [ 619693.191361001809128, 2961647.802322340197861, 90.434030679985881 ], [ 619676.200198771781288, 2961692.239153237082064, 90.919379289261997 ], [ 619671.946392281446606, 2961700.320775932166725, 91.132787231355906 ], [ 619671.29114641295746, 2961700.755667902994901, 91.145233844406903 ], [ 619671.347387968678959, 2961701.724614062346518, 91.188080647960305 ], [ 619669.700311028049327, 2961702.781843566335738, 91.323386833071709 ], [ 619667.605366722913459, 2961703.223897952120751, 91.362504096701741 ], [ 619662.787431302946061, 2961702.252477054484189, 91.30486199259758 ], [ 619650.233820329071023, 2961697.922742888797075, 90.958297729492188 ], [ 619634.996813158271834, 2961691.728521150071174, 90.56589481793344 ], [ 619623.644530934630893, 2961688.773572259116918, 90.405504444614053 ] ] ] } },
{ "type": "Feature", "properties": { "id": null, "Name": "27-03-2026 14:54:02", "descriptio": null, "timestamp": null, "begin": "2026-03-27T14:54:02+05:30", "end": "2026-03-27T14:54:49+05:30", "layer": null, "path": null, "description": null, "altitudeMode": "absolute" }, "geometry": { "type": "MultiLineString", "coordinates": [ [ [ 620362.679516309406608, 2961710.040695634670556, 90.937866032123566 ], [ 620356.031387855065987, 2961707.662503340747207, 90.888217731378973 ], [ 620347.869864304899238, 2961704.689762975554913, 91.331208227202296 ], [ 620339.248917243909091, 2961702.230495945550501, 87.175951894372702 ], [ 620334.627657220466062, 2961699.446929966565222, 87.852646196261048 ], [ 620328.155190695426427, 2961696.487702055834234, 87.249597921967506 ], [ 620325.195962787023745, 2961701.662972784135491, 86.927089492790401 ], [ 620322.534008912625723, 2961706.865268423687667, 87.003432067111135 ], [ 620319.723418021341786, 2961711.837852308526635, 86.739447008818388 ], [ 620317.453325378475711, 2961718.107631988823414, 85.576784959062934 ], [ 620315.777780808391981, 2961724.593610969372094, 85.998295981436968 ], [ 620314.858933786163107, 2961728.052799758967012, 86.225865831598639 ], [ 620313.075289566651918, 2961734.822540319524705, 85.383453006856143 ], [ 620312.561816230765544, 2961737.457469280809164, 85.409727358259261 ], [ 620311.318670259555802, 2961740.186985434964299, 84.794012666679919 ] ] ] } },
{ "type": "Feature", "properties": { "id": null, "Name": "27-03-2026 14:55:47", "descriptio": null, "timestamp": null, "begin": "2026-03-27T14:55:47+05:30", "end": "2026-03-27T14:56:28+05:30", "layer": null, "path": null, "description": null, "altitudeMode": "absolute" }, "geometry": { "type": "MultiLineString", "coordinates": [ [ [ 620320.912514167837799, 2961719.783176559023559, 85.413546938599325 ], [ 620322.101610314217396, 2961717.404984266031533, 91.245459194603427 ], [ 620330.398258426459506, 2961701.744047520682216, 91.01618951652199 ], [ 620334.451995289535262, 2961703.63579139020294, 91.302775116637349 ], [ 620340.343426196370274, 2961705.797784383408725, 91.042771530337632 ], [ 620344.937661307281815, 2961707.203079828992486, 91.216016734950244 ], [ 620350.57235554617364, 2961710.283919844776392, 86.743235616013408 ], [ 620354.477455390500836, 2961712.108101432677358, 86.644082778133452 ], [ 620357.760982249048539, 2961713.418809684924781, 86.551802358590066 ], [ 620361.490420162677765, 2961714.878154955804348, 86.408328883349895 ], [ 620362.297095840563998, 2961718.313332408666611, 89.975651767104864 ] ] ] } }
]
}
